-- Populate cuisine table
INSERT INTO cuisine VALUES ('Indonesian');
INSERT INTO cuisine VALUES ('German');
INSERT INTO cuisine VALUES ('Vietnamese');
INSERT INTO cuisine VALUES ('Chinese');
INSERT INTO cuisine VALUES ('Indian');
INSERT INTO cuisine VALUES ('Western');


-- Populate Item table
INSERT INTO Item VALUES ('Rendang', '4', 'Indonesian');
INSERT INTO Item VALUES ('Ayam Balado', '4', 'Indonesian');
INSERT INTO Item VALUES ('Gudeg', '3', 'Indonesian');
INSERT INTO Item VALUES ('Rinderrouladen', '3.5', 'German');
INSERT INTO Item VALUES ('Sauerbraten', '4', 'German');
INSERT INTO Item VALUES ('Bun Cha', '3', 'Vietnamese');
INSERT INTO Item VALUES ('Thunder Tea Rice', '2.5', 'Chinese');
INSERT INTO Item VALUES ('Palak Paneer', '4', 'Indian');


-- Populate Staff table
INSERT INTO Staff VALUES ('STAFF-01', 'Kat');
INSERT INTO Staff VALUES ('STAFF-02', 'Kat');
INSERT INTO Staff VALUES ('STAFF-03', 'Taro');
INSERT INTO Staff VALUES ('STAFF-04', 'Owens');
INSERT INTO Staff VALUES ('STAFF-05', 'Migi');
INSERT INTO Staff VALUES ('STAFF-06', 'Dari');
INSERT INTO Staff VALUES ('STAFF-07', 'Ida');
INSERT INTO Staff VALUES ('STAFF-08', 'Neyu');
INSERT INTO Staff VALUES ('STAFF-09', 'Rodion');
INSERT INTO Staff VALUES ('STAFF-10', 'Neon');
INSERT INTO Staff VALUES ('STAFF-11', 'Evan');
INSERT INTO Staff VALUES ('STAFF-12', 'Gerion');


-- Populate Cook table
INSERT INTO Cook VALUES ('STAFF-01', 'Indonesian');
INSERT INTO Cook VALUES ('STAFF-01', 'German');
INSERT INTO Cook VALUES ('STAFF-02', 'German');
INSERT INTO Cook VALUES ('STAFF-02', 'Chinese');
INSERT INTO Cook VALUES ('STAFF-03', 'Vietnamese');
INSERT INTO Cook VALUES ('STAFF-03', 'Chinese');
INSERT INTO Cook VALUES ('STAFF-03', 'Indian');
INSERT INTO Cook VALUES ('STAFF-03', 'Indonesian');
INSERT INTO Cook VALUES ('STAFF-04', 'Indonesian');
INSERT INTO Cook VALUES ('STAFF-04', 'German');
INSERT INTO Cook VALUES ('STAFF-05', 'Indonesian');
INSERT INTO Cook VALUES ('STAFF-05', 'German');
INSERT INTO Cook VALUES ('STAFF-05', 'Vietnamese');
INSERT INTO Cook VALUES ('STAFF-06', 'Indonesian');
INSERT INTO Cook VALUES ('STAFF-06', 'German');
INSERT INTO Cook VALUES ('STAFF-06', 'Chinese');
INSERT INTO Cook VALUES ('STAFF-06', 'Indian');
INSERT INTO Cook VALUES ('STAFF-06', 'Vietnamese');
INSERT INTO Cook VALUES ('STAFF-07', 'Indonesian');
INSERT INTO Cook VALUES ('STAFF-07', 'German');
INSERT INTO Cook VALUES ('STAFF-07', 'Vietnamese');
INSERT INTO Cook VALUES ('STAFF-07', 'Chinese');
INSERT INTO Cook VALUES ('STAFF-08', 'Vietnamese');
INSERT INTO Cook VALUES ('STAFF-08', 'Chinese');
INSERT INTO Cook VALUES ('STAFF-08', 'Indian');
INSERT INTO Cook VALUES ('STAFF-08', 'Indonesian');
INSERT INTO Cook VALUES ('STAFF-09', 'Indonesian');
INSERT INTO Cook VALUES ('STAFF-09', 'German');
INSERT INTO Cook VALUES ('STAFF-10', 'Indonesian');
INSERT INTO Cook VALUES ('STAFF-11', 'Indonesian');
INSERT INTO Cook VALUES ('STAFF-11', 'German');
INSERT INTO Cook VALUES ('STAFF-11', 'Vietnamese');
INSERT INTO Cook VALUES ('STAFF-11', 'Chinese');
INSERT INTO Cook VALUES ('STAFF-11', 'Indian');
INSERT INTO Cook VALUES ('STAFF-12', 'Indonesian');
INSERT INTO Cook VALUES ('STAFF-12', 'German');
INSERT INTO Cook VALUES ('STAFF-12', 'Vietnamese');
INSERT INTO Cook VALUES ('STAFF-12', 'Chinese');
INSERT INTO Cook VALUES ('STAFF-12', 'Indian');


-- Populate Member table
INSERT INTO Member VALUES ('93627414', 'Ignazio', 'Abrahmer', '1/3/2024', '12:19:23');
INSERT INTO Member VALUES ('89007281', 'Bernard', 'Cowlard', '1/3/2024', '15:39:48');
INSERT INTO Member VALUES ('81059611', 'Laurette', 'Birney', '1/3/2024', '16:19:03');
INSERT INTO Member VALUES ('93342383', 'Corby', 'Crinage', '1/3/2024', '18:39:04');
INSERT INTO Member VALUES ('85625766', 'Mal', 'Bavister', '1/3/2024', '19:22:02');
INSERT INTO Member VALUES ('95672712', 'Terese', 'Chetwind', '2/3/2024', '10:41:41');
INSERT INTO Member VALUES ('94385675', 'Kipp', 'Pettifer', '2/3/2024', '14:38:36');
INSERT INTO Member VALUES ('97416639', 'Ernestine', 'Loughney', '2/3/2024', '16:37:24');
INSERT INTO Member VALUES ('87113774', 'Estell', 'Barwell', '2/3/2024', '17:34:55');
INSERT INTO Member VALUES ('95961010', 'Othello', 'Reymers', '3/3/2024', '10:27:19');
INSERT INTO Member VALUES ('96537349', 'Grissel', 'Howels', '3/3/2024', '17:06:40');
INSERT INTO Member VALUES ('93603800', 'Maddie', 'Izkoveski', '4/3/2024', '10:03:52');
INSERT INTO Member VALUES ('87433248', 'Nolan', 'Capelin', '4/3/2024', '10:54:51');
INSERT INTO Member VALUES ('98216900', 'Alyce', 'Brenard', '4/3/2024', '14:04:38');
INSERT INTO Member VALUES ('95624750', 'Jacenta', 'Buxsy', '5/3/2024', '14:34:56');
INSERT INTO Member VALUES ('85205752', 'Kiah', 'Cotter', '5/3/2024', '17:34:06');
INSERT INTO Member VALUES ('93344468', 'Gage', 'Whaymand', '6/3/2024', '14:52:02');
INSERT INTO Member VALUES ('83187835', 'Rickey', 'Hector', '7/3/2024', '15:41:29');
INSERT INTO Member VALUES ('87547836', 'Flynn', 'Massot', '8/3/2024', '12:22:29');
INSERT INTO Member VALUES ('85175137', 'Javier', 'Metzel', '8/3/2024', '14:19:56');
INSERT INTO Member VALUES ('97691181', 'Jecho', 'Sirkett', '8/3/2024', '14:46:11');
INSERT INTO Member VALUES ('87607692', 'Afton', 'Perch', '8/3/2024', '18:57:51');
INSERT INTO Member VALUES ('86045065', 'Christiane', 'Beeze', '9/3/2024', '7:00:36');
INSERT INTO Member VALUES ('88828022', 'Hanson', 'Landal', '9/3/2024', '12:05:16');
INSERT INTO Member VALUES ('84566470', 'Roscoe', 'Slowgrave', '9/3/2024', '12:07:38');
INSERT INTO Member VALUES ('93045837', 'Isaak', 'Greatbatch', '9/3/2024', '13:41:06');
INSERT INTO Member VALUES ('82284578', 'Raquel', 'Pearch', '9/3/2024', '13:53:10');
INSERT INTO Member VALUES ('96889998', 'Leonhard', 'Wycliffe', '9/3/2024', '14:26:53');
INSERT INTO Member VALUES ('92129218', 'Bentley', 'Agutter', '10/3/2024', '19:34:00');
INSERT INTO Member VALUES ('84022062', 'Spenser', 'Raitt', '13/3/2024', '11:06:43');
INSERT INTO Member VALUES ('89501162', 'Aylmar', 'Jarritt', '13/3/2024', '15:40:22');
INSERT INTO Member VALUES ('83796640', 'Justino', 'Lennie', '13/3/2024', '16:47:09');
INSERT INTO Member VALUES ('83955714', 'Winna', 'Yitzhok', '14/3/2024', '10:28:33');
INSERT INTO Member VALUES ('97047051', 'Shelly', 'Limrick', '14/3/2024', '15:20:38');
INSERT INTO Member VALUES ('84859600', 'Tallou', 'McFater', '14/3/2024', '16:04:10');
INSERT INTO Member VALUES ('99218548', 'Georgeta', 'Tilston', '16/3/2024', '15:58:18');
INSERT INTO Member VALUES ('96641145', 'Giraud', 'Halwood', '17/3/2024', '12:55:26');
INSERT INTO Member VALUES ('93913222', 'Hermina', 'Steadman', '17/3/2024', '15:21:06');
INSERT INTO Member VALUES ('92671592', 'Norma', 'Keppie', '18/3/2024', '11:18:00');
INSERT INTO Member VALUES ('88757769', 'Fonz', 'Buckell', '18/3/2024', '15:31:40');
INSERT INTO Member VALUES ('95739964', 'Camila', 'Seatter', '19/3/2024', '15:04:36');
INSERT INTO Member VALUES ('97011185', 'Stephan', 'Firk', '20/3/2024', '3:29:52');
INSERT INTO Member VALUES ('93918281', 'Zandra', 'Chark', '20/3/2024', '16:42:38');
INSERT INTO Member VALUES ('92145563', 'Ernestine', 'Loughney', '20/3/2024', '17:50:29');
INSERT INTO Member VALUES ('99672640', 'Elisabet', 'Marrison', '21/3/2024', '13:59:01');
INSERT INTO Member VALUES ('85125948', 'Nalani', 'Winchurch', '21/3/2024', '19:20:37');
INSERT INTO Member VALUES ('85102107', 'Bryn', 'Shoreson', '22/3/2024', '13:29:20');
INSERT INTO Member VALUES ('97656508', 'Farra', 'Borg', '23/3/2024', '10:44:00');
INSERT INTO Member VALUES ('98509048', 'Simmonds', 'Goad', '23/3/2024', '14:44:41');
INSERT INTO Member VALUES ('91367741', 'Alexi', 'Brockton', '23/3/2024', '15:47:19');
INSERT INTO Member VALUES ('84698244', 'Lauren', 'Arnault', '24/3/2024', '18:45:08');
INSERT INTO Member VALUES ('82204127', 'Anallise', 'Moakes', '25/3/2024', '14:29:25');
INSERT INTO Member VALUES ('81112261', 'Jenna', 'Voaden', '25/3/2024', '19:34:25');
INSERT INTO Member VALUES ('97269270', 'Jo', 'Westman', '27/3/2024', '12:57:00');
INSERT INTO Member VALUES ('95963767', 'Thorvald', 'Meus', '27/3/2024', '13:35:20');
INSERT INTO Member VALUES ('86805331', 'Gill', 'Isaac', '28/3/2024', '3:40:46');
INSERT INTO Member VALUES ('88182567', 'Tyler', 'McMenamy', '29/3/2024', '10:56:19');
INSERT INTO Member VALUES ('91867650', 'Erinna', 'Edler', '29/3/2024', '12:34:17');
INSERT INTO Member VALUES ('88211654', 'Desirae', 'Linton', '1/4/2024', '18:45:27');
INSERT INTO Member VALUES ('94197652', 'Torie', 'Annear', '4/4/2024', '10:44:56');
INSERT INTO Member VALUES ('84977344', 'Hal', 'Sowden', '4/4/2024', '12:23:02');
INSERT INTO Member VALUES ('89005109', 'Darrick', 'Yate', '4/4/2024', '21:42:58');
INSERT INTO Member VALUES ('87816989', 'Pren', 'Shemming', '5/4/2024', '6:31:54');
INSERT INTO Member VALUES ('87818088', 'Yale', 'Ebertz', '5/4/2024', '10:40:43');
INSERT INTO Member VALUES ('86335235', 'Bekki', 'Jozsika', '5/4/2024', '11:06:15');
INSERT INTO Member VALUES ('96297154', 'Collete', 'Print', '5/4/2024', '12:14:28');
INSERT INTO Member VALUES ('95795218', 'Bobbye', 'Lillow', '5/4/2024', '14:23:40');
INSERT INTO Member VALUES ('87464899', 'Athene', 'Foch', '6/4/2024', '12:32:31');
INSERT INTO Member VALUES ('86779254', 'Marcus', 'Ortell', '6/4/2024', '14:13:19');
INSERT INTO Member VALUES ('92763507', 'Doti', 'Silvester', '7/4/2024', '14:16:25');
INSERT INTO Member VALUES ('82014056', 'Nisse', 'Compford', '7/4/2024', '18:01:17');
INSERT INTO Member VALUES ('84811777', 'Bartholemy', 'Fricker', '8/4/2024', '10:58:21');
INSERT INTO Member VALUES ('99491929', 'Elvira', 'Horsburgh', '8/4/2024', '10:59:28');
INSERT INTO Member VALUES ('97146801', 'Dodie', 'MacCourt', '8/4/2024', '11:04:47');
INSERT INTO Member VALUES ('92147627', 'Ely', 'Zincke', '8/4/2024', '18:18:10');
INSERT INTO Member VALUES ('92035069', 'Jamie', 'Seiler', '8/4/2024', '19:23:59');
INSERT INTO Member VALUES ('97865331', 'Rustin', 'Drage', '10/4/2024', '20:04:05');
INSERT INTO Member VALUES ('83746740', 'Krystyna', 'Duckerin', '11/4/2024', '10:41:23');
INSERT INTO Member VALUES ('82523186', 'Gennifer', 'Baglan', '12/4/2024', '19:03:43');
INSERT INTO Member VALUES ('84389605', 'Vaughan', 'Hartless', '13/4/2024', '17:51:26');
INSERT INTO Member VALUES ('95213360', 'Demetris', 'Torry', '16/4/2024', '15:03:17');
INSERT INTO Member VALUES ('93095451', 'Adaline', 'Harburtson', '17/4/2024', '17:01:35');
INSERT INTO Member VALUES ('81043685', 'Latia', 'Skelly', '18/4/2024', '13:49:13');
INSERT INTO Member VALUES ('83572545', 'Torey', 'Harbinson', '18/4/2024', '18:21:06');
INSERT INTO Member VALUES ('92087840', 'Terri', 'Grzelczak', '19/4/2024', '13:58:54');
INSERT INTO Member VALUES ('82733879', 'Jamil', 'Cuseick', '20/4/2024', '15:49:25');
INSERT INTO Member VALUES ('86635564', 'Panchito', 'Kenwright', '22/4/2024', '11:29:27');
INSERT INTO Member VALUES ('83304741', 'Hinze', 'Jurek', '23/4/2024', '19:42:28');
INSERT INTO Member VALUES ('93816956', 'Ania', 'Brewett', '24/4/2024', '10:21:27');
INSERT INTO Member VALUES ('98868305', 'Hugibert', 'Labeuil', '24/4/2024', '11:33:26');
INSERT INTO Member VALUES ('93958213', 'Lucho', 'Bellas', '26/4/2024', '7:05:35');
INSERT INTO Member VALUES ('93034474', 'Reagan', 'Voaden', '26/4/2024', '12:01:31');
INSERT INTO Member VALUES ('95924292', 'Penny', 'Hanster', '28/4/2024', '12:30:10');
INSERT INTO Member VALUES ('83756798', 'Constantine', 'Euesden', '29/4/2024', '11:26:32');
INSERT INTO Member VALUES ('93112965', 'Rorke', 'Mc Elory', '2/5/2024', '19:18:33');
INSERT INTO Member VALUES ('99249866', 'Justin', 'Raulston', '6/5/2024', '10:05:18');
INSERT INTO Member VALUES ('99721613', 'Tremaine', 'Liffey', '6/5/2024', '10:09:08');
INSERT INTO Member VALUES ('94908069', 'Nanice', 'Celes', '7/5/2024', '16:55:39');
INSERT INTO Member VALUES ('85256247', 'Newton', 'Cone', '8/5/2024', '15:01:52');
INSERT INTO Member VALUES ('86385588', 'Candra', 'Mather', '9/5/2024', '12:54:22');
INSERT INTO Member VALUES ('98641799', 'Hi', 'Bunclark', '9/5/2024', '13:03:59');
INSERT INTO Member VALUES ('95408259', 'Cleopatra', 'Blaycock', '9/5/2024', '22:41:02');
INSERT INTO Member VALUES ('83904211', 'Craig', 'Tesoe', '11/5/2024', '10:22:32');
INSERT INTO Member VALUES ('96345001', 'Walliw', 'McCaskell', '11/5/2024', '17:21:56');
INSERT INTO Member VALUES ('94918067', 'Bartram', 'Manuele', '11/5/2024', '18:35:40');
INSERT INTO Member VALUES ('97134739', 'Shandeigh', 'Gilbank', '11/5/2024', '19:38:16');
INSERT INTO Member VALUES ('98633322', 'Diarmid', 'Dottrell', '12/5/2024', '13:27:39');
INSERT INTO Member VALUES ('83389439', 'Kennie', 'Emslie', '12/5/2024', '15:38:02');
INSERT INTO Member VALUES ('82293016', 'Jana', 'Voaden', '14/5/2024', '16:57:57');
INSERT INTO Member VALUES ('83579348', 'Jennica', 'Costi', '15/5/2024', '8:40:06');
INSERT INTO Member VALUES ('91375143', 'Mauricio', 'Robottham', '15/5/2024', '17:28:59');
INSERT INTO Member VALUES ('87134817', 'Joshuah', 'Payfoot', '15/5/2024', '17:40:13');
INSERT INTO Member VALUES ('89337450', 'Darcey', 'Astlet', '15/5/2024', '20:20:35');
INSERT INTO Member VALUES ('86297521', 'Ddene', 'Wieprecht', '16/5/2024', '10:39:49');
INSERT INTO Member VALUES ('81148657', 'Huberto', 'Symon', '17/5/2024', '11:30:28');
INSERT INTO Member VALUES ('86453089', 'Webster', 'Tarzey', '17/5/2024', '22:34:51');
INSERT INTO Member VALUES ('93494839', 'Evanne', 'Cauldwell', '17/5/2024', '22:36:33');
INSERT INTO Member VALUES ('81866554', 'Dmitri', 'Langdon', '18/5/2024', '8:01:38');
INSERT INTO Member VALUES ('99602490', 'Adrian', 'Ludmann', '18/5/2024', '11:15:56');
INSERT INTO Member VALUES ('95445087', 'Faustina', 'Howsam', '19/5/2024', '12:14:27');
INSERT INTO Member VALUES ('88904185', 'Edvard', 'Loosley', '19/5/2024', '15:58:58');
INSERT INTO Member VALUES ('85551145', 'Glory', 'Gerriet', '19/5/2024', '21:15:42');
INSERT INTO Member VALUES ('96691498', 'Kit', 'Agge', '19/5/2024', '21:18:36');
INSERT INTO Member VALUES ('93144845', 'Ilysa', 'Duesbury', '21/5/2024', '16:10:20');
INSERT INTO Member VALUES ('92926747', 'Kathi', 'Warman', '21/5/2024', '19:11:09');
INSERT INTO Member VALUES ('84459398', 'Tiffani', 'Kennon', '21/5/2024', '20:13:48');
INSERT INTO Member VALUES ('83779605', 'Igor', 'Breston', '22/5/2024', '19:24:58');
INSERT INTO Member VALUES ('91351382', 'Dayle', 'Allard', '23/5/2024', '10:10:20');
INSERT INTO Member VALUES ('81487636', 'Kathy', 'Woffinden', '23/5/2024', '17:14:33');
INSERT INTO Member VALUES ('89743840', 'Carlin', 'Starbucke', '23/5/2024', '19:03:54');
INSERT INTO Member VALUES ('87902632', 'Ruddy', 'Harty', '23/5/2024', '19:42:32');
INSERT INTO Member VALUES ('95303069', 'Gregoire', 'Mobbs', '23/5/2024', '20:15:01');
INSERT INTO Member VALUES ('82005603', 'Lila', 'Howse', '24/5/2024', '18:17:40');
INSERT INTO Member VALUES ('98343722', 'Alexandr', 'Waylen', '24/5/2024', '22:30:40');
INSERT INTO Member VALUES ('83488796', 'Sofia', 'Mariot', '26/5/2024', '14:26:05');
INSERT INTO Member VALUES ('91153786', 'Ad', 'Youles', '26/5/2024', '18:39:19');
INSERT INTO Member VALUES ('88398022', 'Wendel', 'Mingard', '26/5/2024', '20:59:15');
INSERT INTO Member VALUES ('97454536', 'Orbadiah', 'Hansod', '26/5/2024', '21:03:52');
INSERT INTO Member VALUES ('95058405', 'Nisse', 'Younger', '26/5/2024', '21:04:59');
INSERT INTO Member VALUES ('81212809', 'Alister', 'Byles', '27/5/2024', '14:05:22');
INSERT INTO Member VALUES ('99932959', 'Clarie', 'Kennelly', '27/5/2024', '18:00:51');
INSERT INTO Member VALUES ('98509781', 'Antonina', 'Pendered', '27/5/2024', '19:16:27');
INSERT INTO Member VALUES ('82502663', 'Durante', 'Gally', '27/5/2024', '19:17:39');
INSERT INTO Member VALUES ('87261184', 'Tabina', 'Kliemann', '27/5/2024', '20:02:52');
INSERT INTO Member VALUES ('99526912', 'Ole', 'Twydell', '27/5/2024', '21:29:07');
INSERT INTO Member VALUES ('84395101', 'Ann', 'Tyrie', '28/5/2024', '13:14:40');
INSERT INTO Member VALUES ('87639325', 'Deeanne', 'Briggdale', '28/5/2024', '14:10:54');
INSERT INTO Member VALUES ('99943428', 'Vassily', 'Rhys', '29/5/2024', '9:14:44');
INSERT INTO Member VALUES ('96485460', 'Ritchie', 'Lomond', '29/5/2024', '11:14:03');
INSERT INTO Member VALUES ('88196429', 'Torrence', 'Brikner', '29/5/2024', '15:10:49');
INSERT INTO Member VALUES ('86907966', 'Emiline', 'Gilhooley', '29/5/2024', '15:45:13');
INSERT INTO Member VALUES ('85716523', 'Darrell', 'Govern', '29/5/2024', '16:45:04');
INSERT INTO Member VALUES ('81425186', 'Paul', 'Beeck', '29/5/2024', '20:30:42');
INSERT INTO Member VALUES ('83906642', 'Hashim', 'Bockmaster', '30/5/2024', '8:29:06');
INSERT INTO Member VALUES ('95507273', 'Connie', 'Staite', '30/5/2024', '8:37:05');
INSERT INTO Member VALUES ('86394908', 'Thain', 'Broader', '31/5/2024', '7:53:57');
INSERT INTO Member VALUES ('96293925', 'Jobina', 'Hember', '31/5/2024', '9:21:08');
INSERT INTO Member VALUES ('92628932', 'Amabel', 'Haldenby', '31/5/2024', '10:38:08');
INSERT INTO Member VALUES ('98994201', 'Noe', 'Hafner', '31/5/2024', '14:50:13');
INSERT INTO Member VALUES ('88355720', 'Sallyanne', 'Boston', '1/6/2024', '11:38:09');
INSERT INTO Member VALUES ('96871044', 'Marget', 'Choupin', '1/6/2024', '18:20:13');
INSERT INTO Member VALUES ('87257256', 'Guss', 'Mulcahy', '1/6/2024', '20:22:07');
INSERT INTO Member VALUES ('89865685', 'Stanwood', 'Toffler', '1/6/2024', '20:50:10');
INSERT INTO Member VALUES ('99024405', 'Nisse', 'Linn', '2/6/2024', '21:30:12');
INSERT INTO Member VALUES ('97194473', 'Esme', 'Sollowaye', '4/6/2024', '15:30:32');
INSERT INTO Member VALUES ('85961295', 'Brockie', 'Pilmer', '4/6/2024', '20:13:01');
INSERT INTO Member VALUES ('84712889', 'Arlan', 'Stollenbecker', '4/6/2024', '21:31:59');
INSERT INTO Member VALUES ('97254687', 'Jilly', 'Tammadge', '5/6/2024', '8:21:49');
INSERT INTO Member VALUES ('93789102', 'Maddie', 'Gepheart', '5/6/2024', '19:59:54');
INSERT INTO Member VALUES ('88261126', 'Garvey', 'Bates', '6/6/2024', '15:24:06');
INSERT INTO Member VALUES ('84651016', 'Galina', 'Toulson', '7/6/2024', '8:18:04');
INSERT INTO Member VALUES ('97286509', 'Siana', 'Tarply', '7/6/2024', '16:45:42');
INSERT INTO Member VALUES ('96366726', 'Noell', 'Vickers', '8/6/2024', '9:04:20');
INSERT INTO Member VALUES ('99821690', 'Misty', 'Lowe', '9/6/2024', '10:30:04');
INSERT INTO Member VALUES ('84653098', 'Ethelred', 'Duley', '9/6/2024', '10:52:06');
INSERT INTO Member VALUES ('96356677', 'Ramon', 'Spargo', '9/6/2024', '11:07:08');
INSERT INTO Member VALUES ('95294944', 'Shena', 'Beagan', '9/6/2024', '11:52:50');
INSERT INTO Member VALUES ('84855299', 'Helyn', 'Hadfield', '9/6/2024', '19:21:19');
INSERT INTO Member VALUES ('81751603', 'Ulberto', 'Voaden', '10/6/2024', '19:37:24');
INSERT INTO Member VALUES ('87093728', 'Thedrick', 'Kocher', '11/6/2024', '10:38:04');
INSERT INTO Member VALUES ('82602661', 'Anthea', 'Rudledge', '12/6/2024', '11:05:10');
INSERT INTO Member VALUES ('84433987', 'Lawton', 'Battlestone', '12/6/2024', '11:51:44');
INSERT INTO Member VALUES ('84452413', 'Nisse', 'Blaymires', '12/6/2024', '17:47:28');
INSERT INTO Member VALUES ('83419730', 'Ravi', 'Raecroft', '12/6/2024', '20:25:34');
INSERT INTO Member VALUES ('95686738', 'Fifine', 'Shurrocks', '13/6/2024', '8:54:24');
INSERT INTO Member VALUES ('86511281', 'Romy', 'Abramowsky', '13/6/2024', '9:50:25');
INSERT INTO Member VALUES ('98563061', 'Tabbie', 'Mulryan', '13/6/2024', '17:04:59');
INSERT INTO Member VALUES ('89372994', 'Quentin', 'Sedgefield', '13/6/2024', '19:22:19');
INSERT INTO Member VALUES ('97397535', 'Celene', 'Belbin', '13/6/2024', '20:45:01');
INSERT INTO Member VALUES ('89536307', 'Sax', 'Jude', '14/6/2024', '18:29:53');
INSERT INTO Member VALUES ('91984698', 'D''arcy', 'Paynter', '15/6/2024', '15:30:20');
INSERT INTO Member VALUES ('87047759', 'Mellie', 'Grenshields', '15/6/2024', '16:03:30');
INSERT INTO Member VALUES ('85765335', 'Dana', 'Leuren', '15/6/2024', '18:14:05');
INSERT INTO Member VALUES ('94238623', 'Demetrius', 'Creebo', '16/6/2024', '15:02:36');
INSERT INTO Member VALUES ('96021205', 'Dun', 'Von Der Empten', '16/6/2024', '15:44:00');
INSERT INTO Member VALUES ('94103133', 'Waverly', 'Roux', '16/6/2024', '16:47:37');
INSERT INTO Member VALUES ('97028836', 'Tersina', 'Learoyde', '17/6/2024', '8:57:24');
INSERT INTO Member VALUES ('87861497', 'Ladonna', 'Penrice', '17/6/2024', '18:51:20');
INSERT INTO Member VALUES ('81199272', 'Carly', 'Reymers', '18/6/2024', '14:04:06');
INSERT INTO Member VALUES ('88038083', 'Raynor', 'Stansall', '18/6/2024', '20:35:49');
INSERT INTO Member VALUES ('97355247', 'Arnuad', 'Dibdale', '19/6/2024', '10:54:00');
INSERT INTO Member VALUES ('89181095', 'Osborn', 'McAllester', '19/6/2024', '18:43:10');
INSERT INTO Member VALUES ('94747807', 'Stillman', 'Metzing', '20/6/2024', '21:39:10');
INSERT INTO Member VALUES ('89085166', 'Kelley', 'Kerkham', '21/6/2024', '10:01:40');
INSERT INTO Member VALUES ('88336702', 'Townsend', 'Gamlen', '22/6/2024', '9:37:49');
INSERT INTO Member VALUES ('84438900', 'Rafe', 'Teml', '22/6/2024', '22:10:23');
INSERT INTO Member VALUES ('94676966', 'Aura', 'Fitchell', '24/6/2024', '15:02:29');
INSERT INTO Member VALUES ('92993688', 'Jeanne', 'De Angelis', '25/6/2024', '8:19:24');
INSERT INTO Member VALUES ('97882942', 'Grantham', 'Pleat', '26/6/2024', '9:33:02');
INSERT INTO Member VALUES ('82247963', 'Lonna', 'Hainsworth', '26/6/2024', '16:32:29');
INSERT INTO Member VALUES ('87304869', 'Britni', 'Perone', '27/6/2024', '10:53:22');
INSERT INTO Member VALUES ('91485473', 'Inigo', 'Cawthron', '27/6/2024', '21:50:32');
INSERT INTO Member VALUES ('91128383', 'Lezlie', 'McMeyler', '28/6/2024', '21:52:02');
INSERT INTO Member VALUES ('87137214', 'Alasteir', 'Gwilym', '28/6/2024', '22:28:20');
INSERT INTO Member VALUES ('85054858', 'Cesaro', 'Banting', '29/6/2024', '11:40:20');
INSERT INTO Member VALUES ('96781802', 'Baxie', 'Alcalde', '29/6/2024', '12:30:24');
INSERT INTO Member VALUES ('88241985', 'Waverly', 'Glanders', '30/6/2024', '0:38:36');
INSERT INTO Member VALUES ('94237127', 'Marwin', 'Magrane', '30/6/2024', '13:05:51');
INSERT INTO Member VALUES ('86687970', 'Tootsie', 'Hedden', '3/7/2024', '16:54:23');
INSERT INTO Member VALUES ('94302752', 'Harli', 'Burles', '3/7/2024', '17:59:02');
INSERT INTO Member VALUES ('94999037', 'Lavinie', 'Godber', '4/7/2024', '10:26:24');
INSERT INTO Member VALUES ('87955349', 'Karlik', 'Hillan', '5/7/2024', '8:10:59');
INSERT INTO Member VALUES ('86506050', 'Mason', 'Pingston', '5/7/2024', '9:01:21');
INSERT INTO Member VALUES ('85821788', 'Susana', 'Brothwood', '5/7/2024', '13:44:44');
INSERT INTO Member VALUES ('94597359', 'Rolando', 'Howatt', '5/7/2024', '18:55:56');
INSERT INTO Member VALUES ('89996306', 'Rivkah', 'Brunet', '5/7/2024', '22:20:01');
INSERT INTO Member VALUES ('99145420', 'Nessy', 'Kinsley', '7/7/2024', '9:04:20');
INSERT INTO Member VALUES ('99178578', 'Ardine', 'Linkleter', '7/7/2024', '9:14:29');
INSERT INTO Member VALUES ('87554179', 'Temple', 'Mattiazzi', '7/7/2024', '9:28:49');
INSERT INTO Member VALUES ('85478888', 'Terry', 'Suero', '7/7/2024', '14:56:30');
INSERT INTO Member VALUES ('82043677', 'Pete', 'Rosier', '7/7/2024', '20:01:32');
INSERT INTO Member VALUES ('86157078', 'Fredra', 'Brosnan', '7/7/2024', '22:33:36');
INSERT INTO Member VALUES ('94541557', 'Giselle', 'Arnfield', '8/7/2024', '10:08:07');
INSERT INTO Member VALUES ('86204630', 'Crysta', 'Derges', '8/7/2024', '12:02:50');
INSERT INTO Member VALUES ('85545035', 'Che', 'Gerger', '8/7/2024', '19:30:35');
INSERT INTO Member VALUES ('81535117', 'Karla', 'Culleford', '9/7/2024', '10:40:29');
INSERT INTO Member VALUES ('88317078', 'Issiah', 'Ryson', '9/7/2024', '16:43:00');
INSERT INTO Member VALUES ('82475266', 'Clyve', 'Wapples', '10/7/2024', '12:28:54');
INSERT INTO Member VALUES ('86551772', 'Lura', 'Jeckells', '10/7/2024', '14:01:15');
INSERT INTO Member VALUES ('88759301', 'Bev', 'Lettley', '11/7/2024', '16:48:19');
INSERT INTO Member VALUES ('96847589', 'Ursa', 'Youngs', '11/7/2024', '22:22:14');
INSERT INTO Member VALUES ('89656744', 'Rosy', 'Ouldcott', '12/7/2024', '8:03:17');
INSERT INTO Member VALUES ('89064498', 'Jocko', 'Stolberg', '12/7/2024', '11:48:33');
INSERT INTO Member VALUES ('82958805', 'Ulrikaumeko', 'Urvoy', '12/7/2024', '22:35:30');
INSERT INTO Member VALUES ('87477420', 'Otes', 'Osgodby', '13/7/2024', '10:38:10');
INSERT INTO Member VALUES ('91139624', 'Preston', 'Cartmale', '14/7/2024', '10:54:24');
INSERT INTO Member VALUES ('96501091', 'Birch', 'Ritch', '14/7/2024', '11:02:12');
INSERT INTO Member VALUES ('82388289', 'Piper', 'Bluett', '14/7/2024', '22:31:30');
INSERT INTO Member VALUES ('85014905', 'Randall', 'Jowling', '16/7/2024', '12:23:37');
INSERT INTO Member VALUES ('81996653', 'Terza', 'Argontt', '16/7/2024', '19:29:25');
INSERT INTO Member VALUES ('97408907', 'Michal', 'Durrett', '16/7/2024', '21:21:16');
INSERT INTO Member VALUES ('89572904', 'Salvidor', 'Rutley', '17/7/2024', '13:05:00');
INSERT INTO Member VALUES ('88439048', 'Manolo', 'Lowseley', '18/7/2024', '7:38:21');
INSERT INTO Member VALUES ('84596705', 'Dukie', 'Pietruszewicz', '19/7/2024', '14:52:26');
INSERT INTO Member VALUES ('85138133', 'Dukie', 'Deards', '20/7/2024', '9:00:54');
INSERT INTO Member VALUES ('93689939', 'Melvyn', 'Scoffins', '20/7/2024', '9:02:28');
INSERT INTO Member VALUES ('84856934', 'Frasquito', 'Savil', '20/7/2024', '15:15:09');
INSERT INTO Member VALUES ('85878770', 'Flory', 'Kinman', '21/7/2024', '11:39:29');
INSERT INTO Member VALUES ('81262872', 'Dru', 'Coupman', '21/7/2024', '13:34:31');
INSERT INTO Member VALUES ('83724113', 'Elia', 'Debnam', '22/7/2024', '10:15:37');
INSERT INTO Member VALUES ('89259955', 'Doe', 'Seefeldt', '22/7/2024', '16:44:38');
INSERT INTO Member VALUES ('86122670', 'Colene', 'Arndt', '23/7/2024', '8:44:54');
INSERT INTO Member VALUES ('81673440', 'Keri', 'Torrese', '23/7/2024', '10:03:36');
INSERT INTO Member VALUES ('84025509', 'Peder', 'Chuney', '24/7/2024', '13:55:14');
INSERT INTO Member VALUES ('97978673', 'Rayna', 'Pache', '24/7/2024', '19:15:06');
INSERT INTO Member VALUES ('82977391', 'Nanete', 'Pettko', '25/7/2024', '15:25:07');
INSERT INTO Member VALUES ('99677891', 'Delainey', 'Bunyard', '25/7/2024', '21:06:01');
INSERT INTO Member VALUES ('81697447', 'Lilah', 'Cardenas', '26/7/2024', '9:33:12');
INSERT INTO Member VALUES ('95244366', 'Cleveland', 'Jodrelle', '26/7/2024', '17:58:29');
INSERT INTO Member VALUES ('94742073', 'Selle', 'Dreher', '27/7/2024', '17:02:33');
INSERT INTO Member VALUES ('92081682', 'Emilio', 'Warbys', '27/7/2024', '17:09:00');
INSERT INTO Member VALUES ('86912511', 'Manon', 'Jendricke', '27/7/2024', '22:56:24');
INSERT INTO Member VALUES ('98042986', 'Willamina', 'Silwood', '29/7/2024', '8:12:06');
INSERT INTO Member VALUES ('93394704', 'Huntley', 'Halloran', '29/7/2024', '9:51:25');
INSERT INTO Member VALUES ('84788124', 'Penny', 'Ketton', '29/7/2024', '9:58:30');
INSERT INTO Member VALUES ('84084957', 'Urson', 'Juleff', '29/7/2024', '21:57:34');
INSERT INTO Member VALUES ('83503561', 'Hurley', 'Bennison', '30/7/2024', '2:35:09');
INSERT INTO Member VALUES ('96377277', 'Tally', 'Minster', '30/7/2024', '8:05:07');
INSERT INTO Member VALUES ('91959127', 'Kleon', 'Rowet', '30/7/2024', '8:20:51');
INSERT INTO Member VALUES ('94571604', 'Melissa', 'Szabo', '30/7/2024', '11:12:07');
INSERT INTO Member VALUES ('93553176', 'Ahmad', 'Canavan', '30/7/2024', '11:14:42');
INSERT INTO Member VALUES ('92026805', 'Morgan', 'Dives', '30/7/2024', '11:16:02');
INSERT INTO Member VALUES ('91008472', 'Dal', 'Spoerl', '30/7/2024', '11:31:41');
INSERT INTO Member VALUES ('83106974', 'Cristin', 'Salmon', '30/7/2024', '13:56:52');
INSERT INTO Member VALUES ('86514251', 'Harrison', 'Barnewall', '30/7/2024', '21:33:19');
INSERT INTO Member VALUES ('94207914', 'Irvin', 'Wraight', '31/7/2024', '13:11:43');
INSERT INTO Member VALUES ('91715539', 'Ali', 'Dayton', '31/7/2024', '17:48:07');
INSERT INTO Member VALUES ('94138077', 'Chiquia', 'Lemarie', '31/7/2024', '19:22:39');
INSERT INTO Member VALUES ('87249062', 'Gery', 'Foulgham', '31/7/2024', '20:46:42');
INSERT INTO Member VALUES ('93211645', 'Connie', 'Franzel', '31/7/2024', '20:53:35');
INSERT INTO Member VALUES ('81839871', 'Kerry', 'Jurczyk', '31/7/2024', '21:54:12');
INSERT INTO Member VALUES ('85468632', 'Mill', 'Frowing', '31/7/2024', '21:55:17');
INSERT INTO Member VALUES ('91304943', 'Hertha', 'Bugbird', '1/8/2024', '7:31:00');
INSERT INTO Member VALUES ('82072293', 'Lewiss', 'Carlill', '1/8/2024', '13:22:47');
INSERT INTO Member VALUES ('87123384', 'Harli', 'Houlton', '1/8/2024', '16:24:01');
INSERT INTO Member VALUES ('91501806', 'Elisha', 'Leadbeater', '1/8/2024', '17:23:35');
INSERT INTO Member VALUES ('85926424', 'Thatcher', 'Hardbattle', '1/8/2024', '20:41:28');
INSERT INTO Member VALUES ('82062159', 'Delinda', 'Manktelow', '3/8/2024', '9:37:19');
INSERT INTO Member VALUES ('88233295', 'Marylinda', 'Nassey', '3/8/2024', '18:38:42');
INSERT INTO Member VALUES ('82701680', 'Hartley', 'Delhay', '3/8/2024', '21:30:49');
INSERT INTO Member VALUES ('82321253', 'Arabel', 'Posten', '5/8/2024', '8:50:06');
INSERT INTO Member VALUES ('85425420', 'Cherin', 'Pedel', '5/8/2024', '13:45:22');
INSERT INTO Member VALUES ('83062322', 'Jarrett', 'Girault', '5/8/2024', '22:43:48');
INSERT INTO Member VALUES ('86916947', 'Gussi', 'Lacoste', '6/8/2024', '10:32:32');
INSERT INTO Member VALUES ('82164816', 'Loralyn', 'Creighton', '6/8/2024', '12:34:38');
INSERT INTO Member VALUES ('82279883', 'Hulda', 'Igonet', '6/8/2024', '19:05:23');
INSERT INTO Member VALUES ('85609920', 'Nickey', 'Insole', '6/8/2024', '20:04:27');
INSERT INTO Member VALUES ('82398516', 'Rita', 'Langmuir', '7/8/2024', '22:28:57');
INSERT INTO Member VALUES ('97488478', 'Ruthy', 'Tritton', '7/8/2024', '22:32:16');
INSERT INTO Member VALUES ('93637442', 'Elna', 'Mighele', '8/8/2024', '17:17:52');
INSERT INTO Member VALUES ('83472272', 'Abigail', 'Tripet', '9/8/2024', '7:33:02');
INSERT INTO Member VALUES ('82243720', 'Yuma', 'Thorley', '9/8/2024', '11:28:09');
INSERT INTO Member VALUES ('89987932', 'Letisha', 'Volett', '9/8/2024', '18:56:28');
INSERT INTO Member VALUES ('82504903', 'Sonnie', 'Braisby', '10/8/2024', '0:48:31');
INSERT INTO Member VALUES ('83831938', 'Tracy', 'Rimes', '10/8/2024', '8:36:45');
INSERT INTO Member VALUES ('84301227', 'Sunny', 'Zuan', '10/8/2024', '12:33:12');
INSERT INTO Member VALUES ('99359063', 'Gerek', 'Yewen', '10/8/2024', '21:16:49');
INSERT INTO Member VALUES ('91419099', 'Deck', 'Lages', '11/8/2024', '9:52:37');
INSERT INTO Member VALUES ('84031137', 'Karee', 'Wodeland', '11/8/2024', '15:53:52');
INSERT INTO Member VALUES ('85849254', 'Ann', 'Byer', '11/8/2024', '22:39:30');
INSERT INTO Member VALUES ('92844233', 'Michaela', 'Tirte', '12/8/2024', '11:44:28');
INSERT INTO Member VALUES ('88803777', 'Emanuel', 'Pirri', '12/8/2024', '21:37:38');
INSERT INTO Member VALUES ('88286622', 'Klarika', 'Osbiston', '13/8/2024', '13:01:41');
INSERT INTO Member VALUES ('85719509', 'Baird', 'Redemile', '13/8/2024', '20:44:23');
INSERT INTO Member VALUES ('96995944', 'Andrea', 'Roughsedge', '13/8/2024', '21:00:45');
INSERT INTO Member VALUES ('82586360', 'Nico', 'Kettlestringes', '14/8/2024', '12:49:17');
INSERT INTO Member VALUES ('91872497', 'Holt', 'Hutcheon', '14/8/2024', '17:24:23');
INSERT INTO Member VALUES ('84607286', 'Mel', 'Hessle', '14/8/2024', '18:10:04');
INSERT INTO Member VALUES ('84011250', 'Franz', 'Vanin', '14/8/2024', '18:59:18');
INSERT INTO Member VALUES ('92517062', 'Abbie', 'Temblett', '14/8/2024', '21:41:33');
INSERT INTO Member VALUES ('88142332', 'Madalyn', 'Dockrell', '15/8/2024', '13:48:14');
INSERT INTO Member VALUES ('84247514', 'Nickolaus', 'Stickins', '15/8/2024', '17:53:52');
INSERT INTO Member VALUES ('87114721', 'Marita', 'Libermore', '15/8/2024', '19:10:58');
INSERT INTO Member VALUES ('99156430', 'Tandie', 'Brickett', '15/8/2024', '19:41:30');
INSERT INTO Member VALUES ('82348204', 'Enoch', 'Elbourn', '15/8/2024', '20:40:42');
INSERT INTO Member VALUES ('91427721', 'Eirena', 'Currey', '17/8/2024', '9:18:09');
INSERT INTO Member VALUES ('83085000', 'Ignace', 'Cromer', '18/8/2024', '8:56:01');
INSERT INTO Member VALUES ('81212621', 'Francklyn', 'Trazzi', '19/8/2024', '6:23:45');
INSERT INTO Member VALUES ('83541031', 'Norine', 'Favell', '19/8/2024', '15:09:49');
INSERT INTO Member VALUES ('96854904', 'Theresa', 'MacAne', '20/8/2024', '11:11:39');
INSERT INTO Member VALUES ('88601478', 'Zollie', 'Arnaldo', '20/8/2024', '20:44:15');
INSERT INTO Member VALUES ('95111744', 'Fair', 'Stapford', '21/8/2024', '7:59:13');
INSERT INTO Member VALUES ('94015222', 'Luigi', 'Kyle', '21/8/2024', '13:17:11');
INSERT INTO Member VALUES ('81001850', 'Hanny', 'Leechman', '23/8/2024', '10:10:59');
INSERT INTO Member VALUES ('85829709', 'Amalita', 'Gouldthorp', '23/8/2024', '15:28:53');
INSERT INTO Member VALUES ('96817774', 'Eadie', 'Wint', '24/8/2024', '10:18:09');
INSERT INTO Member VALUES ('87864597', 'Angelia', 'Sergant', '25/8/2024', '8:26:28');
INSERT INTO Member VALUES ('86496775', 'Oswald', 'Andryushin', '25/8/2024', '12:41:43');
INSERT INTO Member VALUES ('89549059', 'Kalvin', 'Libbe', '26/8/2024', '10:37:44');
INSERT INTO Member VALUES ('81144138', 'Verena', 'Wignall', '26/8/2024', '10:38:49');
INSERT INTO Member VALUES ('86401534', 'Marie', 'Dalgarnocht', '26/8/2024', '18:53:28');
INSERT INTO Member VALUES ('95374370', 'Fanni', 'Tomasi', '30/8/2024', '17:13:30');
INSERT INTO Member VALUES ('94402019', 'Maria', 'Brugger', '31/8/2024', '10:22:27');
INSERT INTO Member VALUES ('81384028', 'Corby', 'Drillingcourt', '1/9/2024', '12:50:17');
INSERT INTO Member VALUES ('88599447', 'Ragnar', 'Bucktharp', '1/9/2024', '17:23:14');
INSERT INTO Member VALUES ('85809803', 'Marguerite', 'Davion', '1/9/2024', '17:24:50');
INSERT INTO Member VALUES ('84848980', 'Nada', 'Kirsz', '1/9/2024', '20:07:36');
INSERT INTO Member VALUES ('81397216', 'Teriann', 'Giuroni', '2/9/2024', '20:09:44');
INSERT INTO Member VALUES ('81481814', 'Ashlin', 'Simmonds', '3/9/2024', '8:22:15');
INSERT INTO Member VALUES ('95803218', 'Kassie', 'Dorow', '3/9/2024', '8:41:12');
INSERT INTO Member VALUES ('93757397', 'Kelsey', 'Crowson', '3/9/2024', '9:03:12');
INSERT INTO Member VALUES ('86292580', 'Rex', 'Sarten', '3/9/2024', '9:38:56');
INSERT INTO Member VALUES ('92836742', 'Bastian', 'Boyle', '3/9/2024', '12:56:53');
INSERT INTO Member VALUES ('99924992', 'Thia', 'Le Huquet', '4/9/2024', '11:55:34');
INSERT INTO Member VALUES ('98834553', 'Revkah', 'Willingale', '4/9/2024', '12:53:31');
INSERT INTO Member VALUES ('83334801', 'Reggie', 'Teresia', '4/9/2024', '13:03:51');
INSERT INTO Member VALUES ('83328688', 'Towny', 'Shallcross', '5/9/2024', '10:28:56');
INSERT INTO Member VALUES ('96171765', 'Aprilette', 'Harland', '5/9/2024', '16:38:50');
INSERT INTO Member VALUES ('93972617', 'Lisa', 'McShee', '5/9/2024', '16:40:00');
INSERT INTO Member VALUES ('97781816', 'Leupold', 'Bowne', '5/9/2024', '17:51:50');
INSERT INTO Member VALUES ('94704923', 'Madelon', 'Mourant', '5/9/2024', '20:54:24');
INSERT INTO Member VALUES ('94904489', 'Cullen', 'Petett', '6/9/2024', '8:25:34');
INSERT INTO Member VALUES ('84706714', 'Padgett', 'Yeates', '6/9/2024', '9:50:40');
INSERT INTO Member VALUES ('98482541', 'Melody', 'Rayment', '6/9/2024', '10:30:06');
INSERT INTO Member VALUES ('85836852', 'Perri', 'Fulker', '6/9/2024', '14:30:10');
INSERT INTO Member VALUES ('82493477', 'Tallulah', 'Rawet', '7/9/2024', '8:48:57');
INSERT INTO Member VALUES ('98703749', 'Prissie', 'Le Pine', '7/9/2024', '9:52:03');
INSERT INTO Member VALUES ('87112931', 'Wilhelmina', 'Weymont', '7/9/2024', '10:37:52');
INSERT INTO Member VALUES ('96449021', 'Peyton', 'Dacombe', '7/9/2024', '10:53:32');
INSERT INTO Member VALUES ('96306233', 'Sindee', 'Dibbe', '7/9/2024', '20:50:13');
INSERT INTO Member VALUES ('87375171', 'Arron', 'Rickword', '8/9/2024', '12:43:28');
INSERT INTO Member VALUES ('95856378', 'Linnet', 'Gosnall', '9/9/2024', '7:51:14');
INSERT INTO Member VALUES ('96835471', 'Torry', 'Colnett', '9/9/2024', '11:11:36');
INSERT INTO Member VALUES ('84745874', 'Clemence', 'Pittson', '9/9/2024', '11:29:49');
INSERT INTO Member VALUES ('95555832', 'Lazaro', 'Rickford', '9/9/2024', '15:12:14');
INSERT INTO Member VALUES ('89651240', 'Bordy', 'Lakenden', '9/9/2024', '20:13:44');
INSERT INTO Member VALUES ('89856943', 'Irma', 'Celli', '9/9/2024', '22:29:43');
INSERT INTO Member VALUES ('85099730', 'Maiga', 'Joincey', '10/9/2024', '9:32:47');
INSERT INTO Member VALUES ('84001667', 'Emlynn', 'Bon', '10/9/2024', '19:02:43');
INSERT INTO Member VALUES ('97166081', 'Maureen', 'Yurenev', '11/9/2024', '8:17:16');
INSERT INTO Member VALUES ('98354788', 'Ethan', 'Glasard', '11/9/2024', '8:47:22');
INSERT INTO Member VALUES ('85518279', 'Monique', 'Thoresby', '11/9/2024', '19:53:13');
INSERT INTO Member VALUES ('81005435', 'Mandy', 'Zimek', '12/9/2024', '12:31:07');
INSERT INTO Member VALUES ('82177956', 'Corie', 'McGilvary', '14/9/2024', '12:38:23');
INSERT INTO Member VALUES ('85843901', 'Perceval', 'Kenningham', '15/9/2024', '9:49:39');
INSERT INTO Member VALUES ('86603040', 'Amelita', 'Kerrane', '16/9/2024', '4:44:36');
INSERT INTO Member VALUES ('82632496', 'Prentiss', 'Alabaster', '16/9/2024', '10:24:27');
INSERT INTO Member VALUES ('89764248', 'Angelina', 'Olech', '16/9/2024', '17:16:06');
INSERT INTO Member VALUES ('81641982', 'Jessalin', 'Gare', '16/9/2024', '17:18:03');
INSERT INTO Member VALUES ('84022089', 'Agathe', 'Coplestone', '16/9/2024', '18:56:05');
INSERT INTO Member VALUES ('89318137', 'Hartley', 'Whawell', '16/9/2024', '21:10:19');
INSERT INTO Member VALUES ('89063501', 'Buffy', 'Lowy', '16/9/2024', '21:37:47');
INSERT INTO Member VALUES ('94549935', 'Mylo', 'Claw', '17/9/2024', '7:54:58');
INSERT INTO Member VALUES ('87892017', 'Sashenka', 'Olivello', '17/9/2024', '12:38:34');
INSERT INTO Member VALUES ('98481529', 'Seward', 'Prester', '17/9/2024', '13:55:31');
INSERT INTO Member VALUES ('82748025', 'Hasty', 'Dyble', '17/9/2024', '18:54:24');
INSERT INTO Member VALUES ('89888973', 'Gayel', 'MacArthur', '17/9/2024', '19:03:53');
INSERT INTO Member VALUES ('98357025', 'Dexter', 'Shearwood', '17/9/2024', '19:31:57');
INSERT INTO Member VALUES ('94359033', 'Cordell', 'Giabucci', '18/9/2024', '14:29:49');
INSERT INTO Member VALUES ('91862955', 'Madeleine', 'Gorbell', '18/9/2024', '17:34:20');
INSERT INTO Member VALUES ('84407743', 'Skip', 'Kyle', '20/9/2024', '16:03:30');
INSERT INTO Member VALUES ('97201279', 'Gerry', 'Downham', '20/9/2024', '20:39:23');
INSERT INTO Member VALUES ('91119121', 'Bertie', 'Carous', '21/9/2024', '15:10:09');
INSERT INTO Member VALUES ('82028733', 'Zed', 'Dedham', '21/9/2024', '15:36:14');
INSERT INTO Member VALUES ('86266344', 'Adria', 'Stephens', '22/9/2024', '8:32:54');
INSERT INTO Member VALUES ('89597887', 'Thorin', 'Lally', '22/9/2024', '11:06:26');
INSERT INTO Member VALUES ('89563362', 'Katti', 'Shillito', '22/9/2024', '11:11:21');
INSERT INTO Member VALUES ('91651063', 'Maxy', 'Edgerley', '22/9/2024', '11:52:00');
INSERT INTO Member VALUES ('94395265', 'Grove', 'Thompsett', '22/9/2024', '15:34:10');
INSERT INTO Member VALUES ('81299138', 'Alvis', 'Cudby', '22/9/2024', '20:46:26');
INSERT INTO Member VALUES ('84958112', 'Fabian', 'Shrubsall', '22/9/2024', '22:37:02');
INSERT INTO Member VALUES ('92771131', 'Minerva', 'Carmichael', '23/9/2024', '17:27:48');
INSERT INTO Member VALUES ('82594566', 'Bent', 'Challender', '23/9/2024', '18:48:30');
INSERT INTO Member VALUES ('85659017', 'Gusti', 'Ealam', '24/9/2024', '12:23:57');
INSERT INTO Member VALUES ('97083032', 'Monty', 'Stempe', '24/9/2024', '16:38:48');
INSERT INTO Member VALUES ('92416328', 'Anson', 'Frentz', '24/9/2024', '20:15:50');
INSERT INTO Member VALUES ('94456710', 'Kahaleel', 'Bartosinski', '25/9/2024', '11:51:15');
INSERT INTO Member VALUES ('85256165', 'Elise', 'Glaister', '25/9/2024', '21:34:41');
INSERT INTO Member VALUES ('88169940', 'Francois', 'Dmtrovic', '26/9/2024', '11:34:49');
INSERT INTO Member VALUES ('86206404', 'Dyana', 'Dowry', '26/9/2024', '18:21:56');
INSERT INTO Member VALUES ('95927275', 'Ynez', 'Saffill', '27/9/2024', '13:25:05');
INSERT INTO Member VALUES ('95435266', 'Lauryn', 'Yakebowitch', '27/9/2024', '18:37:46');
INSERT INTO Member VALUES ('93393025', 'Dru', 'Doni', '27/9/2024', '18:40:54');
INSERT INTO Member VALUES ('82511974', 'Mandel', 'Moukes', '27/9/2024', '20:58:15');
INSERT INTO Member VALUES ('92026181', 'Seward', 'Sotham', '28/9/2024', '8:06:45');
INSERT INTO Member VALUES ('87861698', 'Mirilla', 'Kummerlowe', '28/9/2024', '16:57:20');
INSERT INTO Member VALUES ('88056820', 'Violante', 'Crudge', '28/9/2024', '17:26:17');
INSERT INTO Member VALUES ('95331962', 'Gerhardt', 'Absolon', '29/9/2024', '9:28:25');
INSERT INTO Member VALUES ('92814510', 'Corliss', 'Handscombe', '29/9/2024', '12:55:22');
INSERT INTO Member VALUES ('87246482', 'Sydelle', 'Brelsford', '30/9/2024', '8:58:55');
INSERT INTO Member VALUES ('87664576', 'Berenice', 'Smedley', '30/9/2024', '9:00:05');
INSERT INTO Member VALUES ('83456440', 'Willi', 'Shadrack', '30/9/2024', '11:32:55');
INSERT INTO Member VALUES ('92902683', 'Tye', 'Cleaton', '30/9/2024', '19:53:14');
INSERT INTO Member VALUES ('83859043', 'Kiri', 'Hew', '30/9/2024', '21:41:08');
INSERT INTO Member VALUES ('81163343', 'Molli', 'Bullon', '1/10/2024', '7:47:08');
INSERT INTO Member VALUES ('81592716', 'Emanuel', 'Aymerich', '1/10/2024', '11:55:32');
INSERT INTO Member VALUES ('85715801', 'Alleyn', 'Curless', '1/10/2024', '12:12:48');
INSERT INTO Member VALUES ('87716995', 'Judd', 'Powdrill', '1/10/2024', '16:08:39');
INSERT INTO Member VALUES ('99511476', 'Sean', 'Bickardike', '1/10/2024', '16:41:54');
INSERT INTO Member VALUES ('83383772', 'Adiana', 'Sulter', '1/10/2024', '18:23:11');
INSERT INTO Member VALUES ('88309265', 'Currie', 'Yuill', '2/10/2024', '7:57:19');
INSERT INTO Member VALUES ('97013002', 'Anstice', 'Spedroni', '2/10/2024', '15:13:42');
INSERT INTO Member VALUES ('91768576', 'Modesty', 'Setford', '3/10/2024', '15:12:05');
INSERT INTO Member VALUES ('99699350', 'Floris', 'Cayton', '4/10/2024', '17:42:22');
INSERT INTO Member VALUES ('95775453', 'Cyrus', 'Heyball', '6/10/2024', '13:50:00');
INSERT INTO Member VALUES ('81213612', 'Damien', 'Fonso', '6/10/2024', '16:31:34');
INSERT INTO Member VALUES ('93754222', 'Rebbecca', 'Isakov', '6/10/2024', '18:35:16');
INSERT INTO Member VALUES ('98629985', 'Sheilah', 'Elnough', '6/10/2024', '21:09:13');
INSERT INTO Member VALUES ('89224024', 'Doro', 'Powell', '7/10/2024', '9:09:58');
INSERT INTO Member VALUES ('84516749', 'Curt', 'Wilcocke', '7/10/2024', '12:17:57');
INSERT INTO Member VALUES ('85812180', 'Austin', 'Reyna', '8/10/2024', '12:48:05');
INSERT INTO Member VALUES ('85379340', 'Veronique', 'Blowfelde', '8/10/2024', '15:50:43');
INSERT INTO Member VALUES ('85487110', 'Ula', 'Reeday', '9/10/2024', '11:18:02');
INSERT INTO Member VALUES ('96213414', 'Joanie', 'Lemarie', '9/10/2024', '13:52:35');
INSERT INTO Member VALUES ('99608520', 'Anthony', 'Loveday', '9/10/2024', '17:50:00');
INSERT INTO Member VALUES ('85241589', 'Shaun', 'MacColm', '9/10/2024', '20:49:12');
INSERT INTO Member VALUES ('84397303', 'Cristine', 'Chappell', '11/10/2024', '8:58:09');
INSERT INTO Member VALUES ('85444065', 'Brietta', 'Kmieciak', '11/10/2024', '10:51:49');
INSERT INTO Member VALUES ('84516618', 'Brnaby', 'Woolfenden', '11/10/2024', '12:53:43');
INSERT INTO Member VALUES ('96254847', 'Jenine', 'Paxeford', '11/10/2024', '14:33:41');
INSERT INTO Member VALUES ('89335644', 'Tucky', 'Corgenvin', '11/10/2024', '21:36:16');
INSERT INTO Member VALUES ('89792922', 'Wayne', 'Sale', '11/10/2024', '21:48:38');
INSERT INTO Member VALUES ('96784207', 'Lothario', 'Vears', '11/10/2024', '22:36:28');
INSERT INTO Member VALUES ('91847919', 'Fernanda', 'Missen', '12/10/2024', '11:53:41');
INSERT INTO Member VALUES ('88256654', 'Halsy', 'Sandey', '12/10/2024', '13:18:47');
INSERT INTO Member VALUES ('82924779', 'Sean', 'Castellani', '14/10/2024', '9:49:55');
INSERT INTO Member VALUES ('86548998', 'Norry', 'Rohloff', '14/10/2024', '14:36:07');
INSERT INTO Member VALUES ('94591022', 'Sylvan', 'Toothill', '14/10/2024', '16:37:47');
INSERT INTO Member VALUES ('89839796', 'Ludvig', 'Stearnes', '14/10/2024', '22:08:54');
INSERT INTO Member VALUES ('83242946', 'Dionne', 'Twine', '14/10/2024', '22:10:24');
INSERT INTO Member VALUES ('86788452', 'Devlen', 'Khotler', '15/10/2024', '13:00:43');
INSERT INTO Member VALUES ('94084580', 'Agnesse', 'Ebben', '15/10/2024', '17:04:11');
INSERT INTO Member VALUES ('98412449', 'Archer', 'Chesswas', '15/10/2024', '19:22:21');
INSERT INTO Member VALUES ('83001777', 'Joyann', 'Jolliman', '16/10/2024', '11:49:45');
INSERT INTO Member VALUES ('87795535', 'Weston', 'Charrington', '16/10/2024', '12:29:44');
INSERT INTO Member VALUES ('81369080', 'Aime', 'Risbridge', '16/10/2024', '13:20:10');
INSERT INTO Member VALUES ('98454918', 'Harmon', 'Menloe', '16/10/2024', '16:45:30');
INSERT INTO Member VALUES ('82099807', 'Janeva', 'Aspinall', '16/10/2024', '19:37:42');
INSERT INTO Member VALUES ('98775930', 'Johna', 'Dunbobbin', '16/10/2024', '21:20:29');
INSERT INTO Member VALUES ('97515891', 'Carmon', 'Barke', '17/10/2024', '10:44:54');
INSERT INTO Member VALUES ('89806708', 'Anselma', 'McGown', '17/10/2024', '11:59:27');
INSERT INTO Member VALUES ('83962013', 'Webster', 'Crab', '17/10/2024', '13:57:25');
INSERT INTO Member VALUES ('81006387', 'Thorndike', 'Bum', '17/10/2024', '16:48:36');
INSERT INTO Member VALUES ('85971970', 'Bartie', 'Packham', '17/10/2024', '20:11:36');
INSERT INTO Member VALUES ('89126613', 'Bevin', 'McKall', '18/10/2024', '16:09:58');
INSERT INTO Member VALUES ('94422118', 'Dolores', 'Tompkin', '18/10/2024', '19:16:50');
INSERT INTO Member VALUES ('98976069', 'Filmore', 'Joannic', '20/10/2024', '16:29:43');
INSERT INTO Member VALUES ('88322679', 'Gene', 'Gosnall', '20/10/2024', '21:17:27');
INSERT INTO Member VALUES ('97254358', 'Lyle', 'Beresford', '21/10/2024', '14:42:56');
INSERT INTO Member VALUES ('96294268', 'Jone', 'Gallemore', '21/10/2024', '15:27:02');
INSERT INTO Member VALUES ('84253221', 'Dennis', 'Cattermole', '21/10/2024', '15:39:05');
INSERT INTO Member VALUES ('93924304', 'Dorie', 'Flicker', '21/10/2024', '22:30:44');
INSERT INTO Member VALUES ('99684941', 'Elonore', 'Lenin', '22/10/2024', '10:51:32');
INSERT INTO Member VALUES ('97148252', 'Kaitlynn', 'Peacock', '22/10/2024', '18:07:03');
INSERT INTO Member VALUES ('87829519', 'Tome', 'Druett', '23/10/2024', '17:02:46');
INSERT INTO Member VALUES ('91586932', 'Sanson', 'Dark', '23/10/2024', '21:58:24');
INSERT INTO Member VALUES ('92233484', 'Lyndy', 'Hail', '23/10/2024', '22:23:38');
INSERT INTO Member VALUES ('81245574', 'Jeffy', 'Santen', '24/10/2024', '14:49:02');
INSERT INTO Member VALUES ('98491128', 'Mikol', 'Flattman', '24/10/2024', '18:53:47');
INSERT INTO Member VALUES ('87795988', 'Austen', 'Clulow', '24/10/2024', '21:14:45');
INSERT INTO Member VALUES ('81028400', 'Magnum', 'Gouldstraw', '26/10/2024', '7:49:59');
INSERT INTO Member VALUES ('87226750', 'Jasun', 'Gyse', '26/10/2024', '10:24:38');
INSERT INTO Member VALUES ('81099774', 'Avram', 'Summerbell', '26/10/2024', '15:52:02');
INSERT INTO Member VALUES ('91279152', 'Ermengarde', 'Consterdine', '26/10/2024', '15:53:22');
INSERT INTO Member VALUES ('98813611', 'Basilius', 'Ties', '26/10/2024', '20:34:47');
INSERT INTO Member VALUES ('89501314', 'Cherie', 'Schinetti', '28/10/2024', '8:01:12');
INSERT INTO Member VALUES ('91857749', 'Sadye', 'Cattemull', '28/10/2024', '11:42:36');
INSERT INTO Member VALUES ('95645837', 'Garreth', 'Johnston', '29/10/2024', '8:40:52');
INSERT INTO Member VALUES ('84709779', 'Johnath', 'Jeacock', '29/10/2024', '11:59:47');
INSERT INTO Member VALUES ('85532717', 'Inge', 'Linzey', '29/10/2024', '12:21:37');
INSERT INTO Member VALUES ('88167770', 'Lorilyn', 'Vize', '29/10/2024', '14:15:44');
INSERT INTO Member VALUES ('87605998', 'Jeannette', 'Borton', '29/10/2024', '14:37:36');
INSERT INTO Member VALUES ('89487173', 'Lucias', 'Spedding', '29/10/2024', '16:10:57');
INSERT INTO Member VALUES ('81087083', 'Reece', 'Eades', '29/10/2024', '20:07:36');
INSERT INTO Member VALUES ('98409091', 'Collen', 'Archer', '30/10/2024', '9:11:29');
INSERT INTO Member VALUES ('81777315', 'Rosanne', 'Maffia', '30/10/2024', '12:37:01');
INSERT INTO Member VALUES ('82882134', 'Chelsae', 'Gaskarth', '30/10/2024', '18:08:12');
INSERT INTO Member VALUES ('82638725', 'Galvin', 'Leer', '31/10/2024', '15:59:27');
INSERT INTO Member VALUES ('93059181', 'Nicolle', 'Nenci', '31/10/2024', '16:00:31');
INSERT INTO Member VALUES ('99955728', 'Gale', 'Ible', '1/11/2024', '5:18:10');
INSERT INTO Member VALUES ('94952741', 'Brittni', 'Haet', '1/11/2024', '8:24:03');
INSERT INTO Member VALUES ('98613094', 'Goldia', 'Dooland', '1/11/2024', '15:55:42');
INSERT INTO Member VALUES ('86423909', 'Josefa', 'Toor', '2/11/2024', '10:25:46');
INSERT INTO Member VALUES ('89903641', 'Britte', 'Adame', '2/11/2024', '18:58:24');
INSERT INTO Member VALUES ('91044478', 'Grace', 'Darter', '3/11/2024', '13:13:51');
INSERT INTO Member VALUES ('84206286', 'June', 'Chatenet', '3/11/2024', '13:44:19');
INSERT INTO Member VALUES ('99296272', 'Elysia', 'Blackey', '3/11/2024', '16:20:37');
INSERT INTO Member VALUES ('87667988', 'Correy', 'Bowerman', '4/11/2024', '12:33:36');
INSERT INTO Member VALUES ('97986935', 'Elvina', 'Morrill', '5/11/2024', '9:12:12');
INSERT INTO Member VALUES ('99625960', 'Ahmed', 'Ruscoe', '5/11/2024', '14:36:38');
INSERT INTO Member VALUES ('99799764', 'Nikkie', 'Roote', '5/11/2024', '14:41:48');
INSERT INTO Member VALUES ('98435004', 'Zilvia', 'Ryall', '6/11/2024', '11:45:31');
INSERT INTO Member VALUES ('87797506', 'Gregorius', 'Mathieson', '7/11/2024', '12:17:16');
INSERT INTO Member VALUES ('91589742', 'Herbie', 'Bignal', '7/11/2024', '16:39:39');
INSERT INTO Member VALUES ('94385063', 'Dick', 'Dobbinson', '7/11/2024', '19:20:15');
INSERT INTO Member VALUES ('83027730', 'Ximenez', 'Peevor', '8/11/2024', '13:25:13');
INSERT INTO Member VALUES ('89734623', 'Mayor', 'Gamon', '8/11/2024', '16:33:03');
INSERT INTO Member VALUES ('99174492', 'Drud', 'Gyves', '8/11/2024', '16:55:28');
INSERT INTO Member VALUES ('86697162', 'Whittaker', 'Souness', '8/11/2024', '20:13:32');
INSERT INTO Member VALUES ('86748901', 'Tania', 'Duffet', '9/11/2024', '11:08:44');
INSERT INTO Member VALUES ('85289488', 'Cybil', 'Obeney', '9/11/2024', '14:21:52');
INSERT INTO Member VALUES ('81065034', 'Boot', 'Luton', '9/11/2024', '20:42:05');
INSERT INTO Member VALUES ('96323333', 'Michel', 'Dulton', '9/11/2024', '22:13:28');
INSERT INTO Member VALUES ('85016490', 'Rosalinda', 'Mallebone', '9/11/2024', '22:52:58');
INSERT INTO Member VALUES ('85724119', 'Nikolas', 'Genike', '9/11/2024', '22:54:19');
INSERT INTO Member VALUES ('84954608', 'Cahra', 'Jaggli', '10/11/2024', '9:46:22');
INSERT INTO Member VALUES ('86981397', 'Valene', 'Arnhold', '10/11/2024', '18:14:04');
INSERT INTO Member VALUES ('85589369', 'Kinna', 'Martinon', '10/11/2024', '20:38:08');
INSERT INTO Member VALUES ('95324540', 'Braden', 'Tousey', '11/11/2024', '17:33:32');
INSERT INTO Member VALUES ('92464841', 'Elle', 'Lintall', '11/11/2024', '19:04:16');
INSERT INTO Member VALUES ('89017930', 'Raoul', 'Cinnamond', '11/11/2024', '22:22:03');
INSERT INTO Member VALUES ('93527932', 'Isidora', 'Skehens', '13/11/2024', '8:09:11');
INSERT INTO Member VALUES ('89266405', 'Francesca', 'Davidy', '13/11/2024', '13:19:55');
INSERT INTO Member VALUES ('82923978', 'Dell', 'Tregidgo', '13/11/2024', '14:17:30');
INSERT INTO Member VALUES ('87159905', 'Lev', 'Kegan', '13/11/2024', '14:46:58');
INSERT INTO Member VALUES ('87758654', 'Mal', 'Ducaen', '14/11/2024', '10:06:43');
INSERT INTO Member VALUES ('85788284', 'Aldric', 'Buchett', '14/11/2024', '12:48:50');
INSERT INTO Member VALUES ('85488648', 'Cinnamon', 'Crop', '14/11/2024', '15:03:45');
INSERT INTO Member VALUES ('98998227', 'Bernard', 'Hellmer', '15/11/2024', '8:45:51');
INSERT INTO Member VALUES ('88883674', 'Nicholas', 'Coghlin', '15/11/2024', '12:09:00');
INSERT INTO Member VALUES ('87834104', 'Alisa', 'Jedrzej', '15/11/2024', '12:14:19');
INSERT INTO Member VALUES ('89151643', 'Dory', 'Naul', '15/11/2024', '17:35:41');
INSERT INTO Member VALUES ('84323821', 'Buck', 'Colcomb', '15/11/2024', '17:55:01');
INSERT INTO Member VALUES ('82948552', 'Lodovico', 'Cashford', '16/11/2024', '10:45:51');
INSERT INTO Member VALUES ('99812961', 'Mandie', 'Rawlingson', '16/11/2024', '11:02:01');
INSERT INTO Member VALUES ('81765452', 'Godwin', 'Bendelow', '16/11/2024', '12:31:51');
INSERT INTO Member VALUES ('94296322', 'Anna-diane', 'Dransfield', '16/11/2024', '12:48:36');
INSERT INTO Member VALUES ('89452265', 'Red', 'Wignall', '17/11/2024', '14:33:40');
INSERT INTO Member VALUES ('92647147', 'Fraser', 'Chipperfield', '17/11/2024', '16:27:26');
INSERT INTO Member VALUES ('87663309', 'Glenden', 'Bener', '19/11/2024', '7:51:14');
INSERT INTO Member VALUES ('84202146', 'Caddric', 'Sinkin', '19/11/2024', '16:47:41');
INSERT INTO Member VALUES ('99588253', 'Tammie', 'Labrenz', '20/11/2024', '13:29:39');
INSERT INTO Member VALUES ('95353629', 'Dayna', 'Lesor', '21/11/2024', '17:35:27');
INSERT INTO Member VALUES ('93662500', 'Farleigh', 'Trevaskis', '21/11/2024', '19:01:03');
INSERT INTO Member VALUES ('93977914', 'Boyd', 'Ormiston', '22/11/2024', '11:02:32');
INSERT INTO Member VALUES ('97817303', 'Tiena', 'Belin', '22/11/2024', '11:24:26');
INSERT INTO Member VALUES ('97199535', 'Chaunce', 'Plait', '23/11/2024', '11:09:28');
INSERT INTO Member VALUES ('85769030', 'Colly', 'Claypool', '23/11/2024', '11:39:35');
INSERT INTO Member VALUES ('86748845', 'Garret', 'Richten', '25/11/2024', '12:52:41');
INSERT INTO Member VALUES ('87162276', 'Luciano', 'Shrive', '25/11/2024', '19:37:58');
INSERT INTO Member VALUES ('95088596', 'Vivia', 'Tesche', '26/11/2024', '11:06:09');
INSERT INTO Member VALUES ('96406171', 'Giuditta', 'Cargon', '26/11/2024', '16:03:54');
INSERT INTO Member VALUES ('96961253', 'Lanita', 'Pheby', '28/11/2024', '8:41:17');
INSERT INTO Member VALUES ('91998764', 'Kory', 'Gherarducci', '28/11/2024', '22:00:16');
INSERT INTO Member VALUES ('99628519', 'Clemence', 'Fallens', '29/11/2024', '15:18:07');
INSERT INTO Member VALUES ('85069475', 'Jorrie', 'Counter', '29/11/2024', '15:19:20');
INSERT INTO Member VALUES ('94933162', 'Caterina', 'Prowting', '30/11/2024', '14:04:56');
INSERT INTO Member VALUES ('87619538', 'Kenyon', 'Whieldon', '30/11/2024', '22:03:48');
INSERT INTO Member VALUES ('84788081', 'Kaile', 'Pettigrew', '1/12/2024', '2:38:34');
INSERT INTO Member VALUES ('98647852', 'Clarey', 'St. Louis', '1/12/2024', '15:56:31');
INSERT INTO Member VALUES ('89355083', 'Kirby', 'Shinton', '1/12/2024', '15:57:49');
INSERT INTO Member VALUES ('82195911', 'Pauli', 'Jaques', '2/12/2024', '12:00:04');
INSERT INTO Member VALUES ('83154287', 'Manuel', 'Terese', '2/12/2024', '15:28:24');
INSERT INTO Member VALUES ('84269734', 'Arlie', 'Sunshine', '2/12/2024', '16:12:24');
INSERT INTO Member VALUES ('87552302', 'Shandie', 'Balch', '2/12/2024', '18:00:32');
INSERT INTO Member VALUES ('96927754', 'Cam', 'Ilott', '3/12/2024', '11:42:08');
INSERT INTO Member VALUES ('87115713', 'Case', 'Bengall', '3/12/2024', '21:33:17');
INSERT INTO Member VALUES ('82854080', 'Darill', 'Frantzeni', '4/12/2024', '10:26:58');
INSERT INTO Member VALUES ('91231854', 'Ossie', 'Pineaux', '4/12/2024', '14:33:55');
INSERT INTO Member VALUES ('81201155', 'Freedman', 'Bondy', '5/12/2024', '11:50:45');
INSERT INTO Member VALUES ('87149289', 'Archy', 'Sollis', '6/12/2024', '16:31:58');
INSERT INTO Member VALUES ('89067494', 'Steffie', 'Simonel', '7/12/2024', '14:16:43');
INSERT INTO Member VALUES ('84972925', 'Annabelle', 'Brekonridge', '7/12/2024', '15:44:05');
INSERT INTO Member VALUES ('99379722', 'Charla', 'Stiegar', '7/12/2024', '22:00:10');
INSERT INTO Member VALUES ('88327799', 'Shamus', 'Tregear', '7/12/2024', '22:28:17');
INSERT INTO Member VALUES ('87766629', 'Adelaide', 'Lote', '8/12/2024', '12:51:41');
INSERT INTO Member VALUES ('87472204', 'Kerianne', 'Pepis', '8/12/2024', '13:02:36');
INSERT INTO Member VALUES ('85156845', 'Roley', 'Sydes', '8/12/2024', '18:41:49');
INSERT INTO Member VALUES ('83748737', 'Jabez', 'Perez', '8/12/2024', '21:01:46');
INSERT INTO Member VALUES ('91151469', 'Kathlin', 'Gilham', '8/12/2024', '21:28:30');
INSERT INTO Member VALUES ('87729046', 'Kai', 'Guyet', '9/12/2024', '8:32:41');
INSERT INTO Member VALUES ('92569717', 'Glenda', 'Mabbe', '9/12/2024', '9:12:25');
INSERT INTO Member VALUES ('88427705', 'Shermie', 'Balnave', '11/12/2024', '12:13:06');
INSERT INTO Member VALUES ('89435498', 'Innis', 'Briston', '11/12/2024', '12:56:48');
INSERT INTO Member VALUES ('97758086', 'Reinhard', 'Vant', '11/12/2024', '21:18:17');
INSERT INTO Member VALUES ('89614720', 'Milt', 'Snelgrove', '12/12/2024', '7:58:31');
INSERT INTO Member VALUES ('81715145', 'Gipsy', 'Broadfoot', '12/12/2024', '16:55:02');
INSERT INTO Member VALUES ('94376088', 'Portia', 'Schoolcroft', '13/12/2024', '10:51:33');
INSERT INTO Member VALUES ('99321600', 'Lotti', 'Mathevet', '14/12/2024', '8:27:32');
INSERT INTO Member VALUES ('95679700', 'Quill', 'Kelley', '14/12/2024', '9:03:06');
INSERT INTO Member VALUES ('89936667', 'Rouvin', 'Koles', '14/12/2024', '11:41:58');
INSERT INTO Member VALUES ('87082489', 'Cody', 'Stolberg', '16/12/2024', '8:03:31');
INSERT INTO Member VALUES ('88108710', 'Ailene', 'Stepney', '16/12/2024', '13:08:53');
INSERT INTO Member VALUES ('84632242', 'Sharla', 'Raeburn', '17/12/2024', '8:48:18');
INSERT INTO Member VALUES ('85787657', 'Martica', 'Francesch', '17/12/2024', '11:17:24');
INSERT INTO Member VALUES ('86517590', 'Trixy', 'Forson', '17/12/2024', '18:01:24');
INSERT INTO Member VALUES ('86127341', 'Bryan', 'Breissan', '18/12/2024', '9:30:28');
INSERT INTO Member VALUES ('98864311', 'Dalston', 'Eadmeades', '18/12/2024', '10:01:21');
INSERT INTO Member VALUES ('91136992', 'Lynn', 'Neal', '19/12/2024', '13:38:57');
INSERT INTO Member VALUES ('87947714', 'Thaxter', 'Gatenby', '20/12/2024', '10:12:43');
INSERT INTO Member VALUES ('89949163', 'Adele', 'Cassius', '21/12/2024', '10:32:03');
INSERT INTO Member VALUES ('86185671', 'Helen-elizabeth', 'Pallatina', '21/12/2024', '17:47:28');
INSERT INTO Member VALUES ('96237561', 'Saleem', 'Rossander', '21/12/2024', '18:08:17');
INSERT INTO Member VALUES ('96823388', 'Shelba', 'Ville', '22/12/2024', '15:20:00');
INSERT INTO Member VALUES ('94996847', 'Rosalinde', 'Hocking', '22/12/2024', '20:26:37');
INSERT INTO Member VALUES ('87281214', 'Washington', 'Kepe', '22/12/2024', '21:55:19');
INSERT INTO Member VALUES ('81754939', 'Emyle', 'Broad', '23/12/2024', '15:00:24');
INSERT INTO Member VALUES ('82763052', 'Darnall', 'Patemore', '24/12/2024', '15:10:43');
INSERT INTO Member VALUES ('96115445', 'Melvin', 'Denidge', '24/12/2024', '16:08:38');
INSERT INTO Member VALUES ('82718161', 'Irita', 'Slisby', '24/12/2024', '19:11:37');
INSERT INTO Member VALUES ('82503971', 'Cassandry', 'Goldsberry', '25/12/2024', '13:17:11');
INSERT INTO Member VALUES ('98039890', 'Judith', 'Avrashin', '25/12/2024', '21:57:30');
INSERT INTO Member VALUES ('88387300', 'Elladine', 'Connick', '26/12/2024', '15:04:34');
INSERT INTO Member VALUES ('87576205', 'Bobbie', 'Milesap', '28/12/2024', '14:10:01');
INSERT INTO Member VALUES ('82704606', 'Anatol', 'Ivashnyov', '29/12/2024', '15:04:27');
INSERT INTO Member VALUES ('89757561', 'Arleta', 'Pudsall', '30/12/2024', '17:58:42');
INSERT INTO Member VALUES ('95038041', 'Willis', 'Cotton', '31/12/2024', '9:36:50');
INSERT INTO Member VALUES ('93598841', 'Malory', 'Dutton', '31/12/2024', '10:26:53');
INSERT INTO Member VALUES ('81052175', 'Sanderson', 'Lambert', '31/12/2024', '11:11:31');
INSERT INTO Member VALUES ('87086979', 'Cindie', 'Avraham', '31/12/2024', '16:07:19');
INSERT INTO Member VALUES ('98227166', 'Jolynn', 'Pearde', '31/12/2024', '17:30:53');
INSERT INTO Member VALUES ('97288143', 'Korey', 'Donlon', '2/1/2025', '14:41:11');
INSERT INTO Member VALUES ('81431028', 'Ignacio', 'Andrzejowski', '2/1/2025', '16:22:32');
INSERT INTO Member VALUES ('88569701', 'Staci', 'Everwin', '3/1/2025', '16:58:09');
INSERT INTO Member VALUES ('83265688', 'Nataniel', 'Kibbye', '4/1/2025', '7:34:00');
INSERT INTO Member VALUES ('94673884', 'Pedro', 'O''Lunney', '4/1/2025', '9:59:28');
INSERT INTO Member VALUES ('88958633', 'Dreddy', 'Ettritch', '5/1/2025', '10:53:01');
INSERT INTO Member VALUES ('84854376', 'Moselle', 'Esmonde', '9/1/2025', '8:07:08');
INSERT INTO Member VALUES ('82026031', 'Donielle', 'Jurgenson', '9/1/2025', '15:36:59');
INSERT INTO Member VALUES ('92216285', 'Dex', 'De Carteret', '10/1/2025', '17:55:53');
INSERT INTO Member VALUES ('86785958', 'Philomena', 'Fockes', '11/1/2025', '10:49:41');
INSERT INTO Member VALUES ('92511287', 'Charmain', 'Hebden', '11/1/2025', '17:19:34');
INSERT INTO Member VALUES ('83959437', 'Hyacinthie', 'Commuzzo', '11/1/2025', '18:01:28');
INSERT INTO Member VALUES ('94596542', 'Neils', 'Hellens', '11/1/2025', '20:41:47');
INSERT INTO Member VALUES ('88074610', 'Any', 'Lockhurst', '12/1/2025', '20:56:04');
INSERT INTO Member VALUES ('82394434', 'Marty', 'Balme', '12/1/2025', '23:59:06');
INSERT INTO Member VALUES ('93142145', 'Avery', 'Wendover', '14/1/2025', '8:26:55');
INSERT INTO Member VALUES ('93107942', 'Dulcie', 'Bartosch', '15/1/2025', '15:36:48');
INSERT INTO Member VALUES ('96804773', 'Daile', 'Burtonshaw', '15/1/2025', '18:06:12');
INSERT INTO Member VALUES ('83719646', 'Pamelina', 'Clausner', '16/1/2025', '15:16:19');
INSERT INTO Member VALUES ('99208729', 'Conny', 'Pheasant', '16/1/2025', '16:35:11');
INSERT INTO Member VALUES ('84438758', 'Aurthur', 'Emmanuele', '16/1/2025', '20:04:57');
INSERT INTO Member VALUES ('94053688', 'Emlyn', 'Swalwell', '16/1/2025', '21:40:13');
INSERT INTO Member VALUES ('95277535', 'Amber', 'Domican', '17/1/2025', '7:38:20');
INSERT INTO Member VALUES ('94419437', 'Gabrielle', 'Puvia', '17/1/2025', '14:20:54');
INSERT INTO Member VALUES ('97747567', 'Chan', 'Adami', '18/1/2025', '10:12:38');
INSERT INTO Member VALUES ('93575829', 'Austin', 'Charleston', '20/1/2025', '20:26:25');
INSERT INTO Member VALUES ('91178027', 'Katrine', 'Iacovone', '20/1/2025', '21:13:45');
INSERT INTO Member VALUES ('81108941', 'Adriana', 'Livingston', '21/1/2025', '15:35:17');
INSERT INTO Member VALUES ('92596658', 'Allison', 'Jaquemar', '22/1/2025', '11:24:46');
INSERT INTO Member VALUES ('92644219', 'Alley', 'Sarginson', '22/1/2025', '19:10:26');
INSERT INTO Member VALUES ('96831067', 'Kleon', 'Dive', '22/1/2025', '22:29:13');
INSERT INTO Member VALUES ('85322122', 'Antons', 'Humerstone', '24/1/2025', '17:41:49');
INSERT INTO Member VALUES ('85331969', 'Trudi', 'Biset', '25/1/2025', '14:38:25');
INSERT INTO Member VALUES ('99606193', 'Sal', 'Antonioni', '27/1/2025', '12:05:02');
INSERT INTO Member VALUES ('84277563', 'Neille', 'Chillcot', '27/1/2025', '18:55:19');
INSERT INTO Member VALUES ('83547126', 'Rae', 'Filyashin', '27/1/2025', '19:02:40');
INSERT INTO Member VALUES ('81954071', 'Gert', 'MacMichael', '27/1/2025', '19:03:45');
INSERT INTO Member VALUES ('87989532', 'Cornie', 'MacRedmond', '28/1/2025', '20:11:51');
INSERT INTO Member VALUES ('92131122', 'Winne', 'Scarfe', '28/1/2025', '20:13:45');
INSERT INTO Member VALUES ('85262966', 'Hillel', 'Norster', '30/1/2025', '11:26:29');
INSERT INTO Member VALUES ('84824546', 'Gusti', 'Sarre', '30/1/2025', '12:42:16');
INSERT INTO Member VALUES ('84681188', 'Bailie', 'McDonnell', '30/1/2025', '13:02:01');
INSERT INTO Member VALUES ('89862292', 'Desirae', 'Gidden', '30/1/2025', '17:18:48');
INSERT INTO Member VALUES ('92805483', 'Wendi', 'Baumaier', '31/1/2025', '14:02:58');
INSERT INTO Member VALUES ('81935225', 'Al', 'Smittoune', '31/1/2025', '22:35:59');
INSERT INTO Member VALUES ('89174894', 'Eziechiele', 'Edscer', '31/1/2025', '22:37:02');
INSERT INTO Member VALUES ('98118532', 'Rowe', 'Enston', '1/2/2025', '14:35:19');
INSERT INTO Member VALUES ('82295004', 'Darb', 'Carlaw', '2/2/2025', '12:56:05');
INSERT INTO Member VALUES ('87854751', 'Boris', 'Calendar', '3/2/2025', '7:03:25');
INSERT INTO Member VALUES ('84189218', 'Peria', 'Rudsdale', '3/2/2025', '8:09:09');
INSERT INTO Member VALUES ('89297491', 'Staffard', 'Dilliston', '3/2/2025', '10:15:39');
INSERT INTO Member VALUES ('95922805', 'Boyd', 'McLaughlan', '3/2/2025', '10:22:18');
INSERT INTO Member VALUES ('84338628', 'Hunfredo', 'Dingsdale', '3/2/2025', '10:49:59');
INSERT INTO Member VALUES ('89554401', 'Dacie', 'Leitche', '3/2/2025', '13:25:02');
INSERT INTO Member VALUES ('84107365', 'Phil', 'Sicely', '3/2/2025', '13:51:03');
INSERT INTO Member VALUES ('86074360', 'Torey', 'Birtonshaw', '3/2/2025', '17:09:55');
INSERT INTO Member VALUES ('96635216', 'Hurley', 'Jiggins', '3/2/2025', '17:11:07');
INSERT INTO Member VALUES ('91564522', 'Karney', 'Jollands', '3/2/2025', '17:15:41');
INSERT INTO Member VALUES ('94695601', 'Haskel', 'Astle', '3/2/2025', '17:44:18');
INSERT INTO Member VALUES ('86998072', 'Atlante', 'Shemming', '3/2/2025', '18:09:00');
INSERT INTO Member VALUES ('96962666', 'Theadora', 'Alenichev', '3/2/2025', '20:44:14');
INSERT INTO Member VALUES ('89671561', 'Zebulon', 'Ilchuk', '4/2/2025', '12:35:58');
INSERT INTO Member VALUES ('95999788', 'Vinny', 'Varley', '4/2/2025', '13:07:39');
INSERT INTO Member VALUES ('96119890', 'Duff', 'Wormleighton', '4/2/2025', '14:15:14');
INSERT INTO Member VALUES ('92159706', 'Lauretta', 'Fryers', '4/2/2025', '19:05:22');
INSERT INTO Member VALUES ('88906323', 'Vladimir', 'Dall', '4/2/2025', '19:09:37');
INSERT INTO Member VALUES ('96311432', 'Maurie', 'Klass', '5/2/2025', '12:10:47');
INSERT INTO Member VALUES ('96177102', 'Gaston', 'Rudgerd', '5/2/2025', '13:20:46');
INSERT INTO Member VALUES ('92511931', 'Moishe', 'Cona', '5/2/2025', '16:35:33');
INSERT INTO Member VALUES ('88324547', 'Koenraad', 'Thorington', '5/2/2025', '18:18:34');
INSERT INTO Member VALUES ('88641496', 'Barnett', 'Nolda', '5/2/2025', '18:45:42');
INSERT INTO Member VALUES ('86217567', 'Brew', 'Cesco', '5/2/2025', '20:03:21');
INSERT INTO Member VALUES ('92333599', 'Lek', 'Crowch', '6/2/2025', '13:59:21');
INSERT INTO Member VALUES ('96453622', 'Dimitry', 'Kettlesting', '6/2/2025', '14:59:22');
INSERT INTO Member VALUES ('83082240', 'Eryn', 'Botten', '6/2/2025', '17:54:25');
INSERT INTO Member VALUES ('94843792', 'Vyky', 'Balcon', '6/2/2025', '19:55:07');
INSERT INTO Member VALUES ('88451719', 'Ketty', 'Bruyett', '7/2/2025', '9:07:05');
INSERT INTO Member VALUES ('97751389', 'Archibald', 'Astling', '7/2/2025', '10:49:23');
INSERT INTO Member VALUES ('93099528', 'Rosemarie', 'Fearnyhough', '7/2/2025', '12:58:52');
INSERT INTO Member VALUES ('83689372', 'Jeri', 'Giuroni', '7/2/2025', '16:22:13');
INSERT INTO Member VALUES ('94579059', 'Phil', 'Riche', '7/2/2025', '20:30:57');
INSERT INTO Member VALUES ('99122597', 'Katlin', 'Lowell', '8/2/2025', '11:39:34');
INSERT INTO Member VALUES ('91186677', 'Cesar', 'Snelgar', '9/2/2025', '12:05:05');
INSERT INTO Member VALUES ('96569513', 'Morissa', 'Coote', '9/2/2025', '15:13:09');
INSERT INTO Member VALUES ('86546698', 'Cathleen', 'Berriball', '10/2/2025', '13:26:55');
INSERT INTO Member VALUES ('96363022', 'Leonore', 'Caught', '10/2/2025', '13:40:13');
INSERT INTO Member VALUES ('83935495', 'Mollie', 'Solloway', '10/2/2025', '14:01:52');
INSERT INTO Member VALUES ('89204727', 'Fredi', 'Mapples', '10/2/2025', '16:31:49');
INSERT INTO Member VALUES ('95934528', 'Fredra', 'Aynsley', '11/2/2025', '17:44:13');
INSERT INTO Member VALUES ('97022180', 'Beniamino', 'Harp', '11/2/2025', '19:04:11');
INSERT INTO Member VALUES ('94023098', 'Ibrahim', 'Karlqvist', '13/2/2025', '9:17:21');
INSERT INTO Member VALUES ('81745239', 'Jamima', 'Stairmond', '14/2/2025', '14:07:09');
INSERT INTO Member VALUES ('84007732', 'Elinor', 'Gilbank', '14/2/2025', '14:58:12');
INSERT INTO Member VALUES ('81468552', 'Averil', 'Dunbleton', '14/2/2025', '17:09:08');
INSERT INTO Member VALUES ('88928237', 'Ernestine', 'Loughney', '14/2/2025', '17:25:25');
INSERT INTO Member VALUES ('83171434', 'Rois', 'Quadling', '14/2/2025', '21:18:30');
INSERT INTO Member VALUES ('95939466', 'Carmen', 'Gillings', '15/2/2025', '9:22:52');
INSERT INTO Member VALUES ('89536380', 'Maurizia', 'Vairow', '15/2/2025', '13:24:42');
INSERT INTO Member VALUES ('95795907', 'Doroteya', 'Haile', '15/2/2025', '15:40:08');
INSERT INTO Member VALUES ('94741222', 'Ebba', 'Hegden', '16/2/2025', '10:46:43');
INSERT INTO Member VALUES ('97764225', 'Lois', 'Klebes', '17/2/2025', '4:56:04');
INSERT INTO Member VALUES ('82522590', 'Kenon', 'Pollie', '17/2/2025', '12:48:58');
INSERT INTO Member VALUES ('81802204', 'Celisse', 'Ord', '17/2/2025', '18:23:53');
INSERT INTO Member VALUES ('93104507', 'Mattie', 'Caldero', '17/2/2025', '19:13:52');
INSERT INTO Member VALUES ('89279105', 'Meaghan', 'Antognelli', '17/2/2025', '20:18:17');
INSERT INTO Member VALUES ('84761487', 'Harlan', 'Santos', '18/2/2025', '12:15:27');
INSERT INTO Member VALUES ('81662794', 'Edyth', 'Bull', '18/2/2025', '13:04:27');
INSERT INTO Member VALUES ('82603173', 'Linell', 'Hubbins', '18/2/2025', '13:27:05');
INSERT INTO Member VALUES ('98526116', 'Dorothy', 'Eveleigh', '18/2/2025', '17:08:19');
INSERT INTO Member VALUES ('85317578', 'Therine', 'McNea', '18/2/2025', '19:36:27');
INSERT INTO Member VALUES ('92768976', 'Lowrance', 'Band', '18/2/2025', '20:58:13');
INSERT INTO Member VALUES ('91737055', 'Erin', 'Culy', '19/2/2025', '17:57:52');
INSERT INTO Member VALUES ('97873269', 'Raimundo', 'Vigneron', '19/2/2025', '19:01:33');
INSERT INTO Member VALUES ('88553346', 'Lynelle', 'Volkes', '19/2/2025', '19:11:50');
INSERT INTO Member VALUES ('97959304', 'Tabor', 'Chaffer', '20/2/2025', '15:19:46');
INSERT INTO Member VALUES ('91948040', 'Loralee', 'Stapford', '20/2/2025', '16:59:07');
INSERT INTO Member VALUES ('83362165', 'Susann', 'Dooland', '20/2/2025', '19:01:51');
INSERT INTO Member VALUES ('93086562', 'Cobby', 'Jalland', '20/2/2025', '19:07:26');
INSERT INTO Member VALUES ('98917298', 'Alia', 'O''Flaherty', '22/2/2025', '3:24:14');
INSERT INTO Member VALUES ('94184777', 'Sissie', 'Aubrun', '22/2/2025', '11:28:30');
INSERT INTO Member VALUES ('87938110', 'Jonell', 'Jordin', '23/2/2025', '13:50:22');
INSERT INTO Member VALUES ('84955015', 'Trumann', 'Ranyell', '24/2/2025', '9:45:11');
INSERT INTO Member VALUES ('89351304', 'Curtice', 'Camell', '24/2/2025', '16:00:06');
INSERT INTO Member VALUES ('96817423', 'Beale', 'Hoyt', '26/2/2025', '10:11:27');
INSERT INTO Member VALUES ('97106681', 'Karissa', 'Waterhouse', '26/2/2025', '15:14:48');
INSERT INTO Member VALUES ('83899284', 'Tiffy', 'Tanswill', '26/2/2025', '15:17:25');
INSERT INTO Member VALUES ('85836112', 'Miller', 'Haugen', '26/2/2025', '15:20:03');
INSERT INTO Member VALUES ('99479619', 'Gerda', 'Wale', '27/2/2025', '12:48:16');
INSERT INTO Member VALUES ('87675612', 'Trescha', 'Charer', '27/2/2025', '13:29:48');
INSERT INTO Member VALUES ('89881533', 'Artemas', 'Delgado', '27/2/2025', '18:17:29');
INSERT INTO Member VALUES ('82025539', 'Alidia', 'Gilcriest', '27/2/2025', '19:14:16');
INSERT INTO Member VALUES ('82301629', 'Raimundo', 'Polley', '28/2/2025', '8:09:58');
INSERT INTO Member VALUES ('81078685', 'Charlene', 'Denison', '28/2/2025', '17:31:04');
INSERT INTO Member VALUES ('98499105', 'Cathrin', 'Darte', '28/2/2025', '18:53:49');
INSERT INTO Member VALUES ('91383797', 'Sayers', 'Reece', '1/3/2025', '14:43:24');
INSERT INTO Member VALUES ('89219230', 'Doroteya', 'Haitlie', '1/3/2025', '17:08:34');
INSERT INTO Member VALUES ('83473574', 'Filberte', 'Pillans', '2/3/2025', '18:20:53');
INSERT INTO Member VALUES ('88551014', 'Clyve', 'Hastilow', '3/3/2025', '10:24:47');
INSERT INTO Member VALUES ('82834426', 'Carissa', 'Goseling', '5/3/2025', '10:10:51');
INSERT INTO Member VALUES ('99438370', 'Melloney', 'Punton', '5/3/2025', '17:16:24');
INSERT INTO Member VALUES ('94657772', 'Morgen', 'Fonquernie', '8/3/2025', '12:41:20');
INSERT INTO Member VALUES ('94506180', 'Tawnya', 'McAteer', '9/3/2025', '11:25:53');
INSERT INTO Member VALUES ('95239750', 'Dodie', 'Fallow', '10/3/2025', '8:34:43');
INSERT INTO Member VALUES ('84097155', 'Jade', 'Belk', '11/3/2025', '16:29:31');
INSERT INTO Member VALUES ('87013731', 'Iorgos', 'Westell', '11/3/2025', '19:07:14');
INSERT INTO Member VALUES ('96108671', 'Goldy', 'Qualtro', '11/3/2025', '20:08:56');
INSERT INTO Member VALUES ('85624522', 'Lorrin', 'Joyce', '12/3/2025', '13:01:49');
INSERT INTO Member VALUES ('99689225', 'Cooper', 'Lorrie', '12/3/2025', '16:27:37');
INSERT INTO Member VALUES ('92238682', 'Phineas', 'Sleford', '12/3/2025', '18:17:18');
INSERT INTO Member VALUES ('93458741', 'Isa', 'Evennett', '12/3/2025', '18:24:40');
INSERT INTO Member VALUES ('91689181', 'Walther', 'Corbishley', '13/3/2025', '9:38:20');
INSERT INTO Member VALUES ('89588561', 'Rozamond', 'Quakley', '14/3/2025', '9:00:30');
INSERT INTO Member VALUES ('96324409', 'Cornelle', 'Vasilkov', '14/3/2025', '17:05:24');
INSERT INTO Member VALUES ('82351376', 'Herve', 'Alleyn', '14/3/2025', '20:20:22');
INSERT INTO Member VALUES ('81282369', 'Patricio', 'Gurden', '18/3/2025', '8:23:11');
INSERT INTO Member VALUES ('87472923', 'Kettie', 'Hillhouse', '18/3/2025', '11:47:20');
INSERT INTO Member VALUES ('94865801', 'Jacquette', 'Lukasik', '18/3/2025', '21:20:40');
INSERT INTO Member VALUES ('96252414', 'Georgetta', 'Creegan', '19/3/2025', '12:58:27');
INSERT INTO Member VALUES ('92089746', 'Stanfield', 'Hazlewood', '19/3/2025', '15:14:23');
INSERT INTO Member VALUES ('91425089', 'Adiana', 'Belderfield', '19/3/2025', '17:00:00');
INSERT INTO Member VALUES ('93564742', 'Andriana', 'Writtle', '20/3/2025', '8:13:16');
INSERT INTO Member VALUES ('95734883', 'Gram', 'Braddock', '20/3/2025', '10:06:44');
INSERT INTO Member VALUES ('93912232', 'Tobey', 'M''Quhan', '20/3/2025', '12:48:24');
INSERT INTO Member VALUES ('89313518', 'Thornie', 'Loughran', '20/3/2025', '14:26:47');
INSERT INTO Member VALUES ('84155657', 'Arv', 'Tomisch', '20/3/2025', '17:23:51');
INSERT INTO Member VALUES ('93989171', 'Matteo', 'Heijne', '21/3/2025', '15:09:03');
INSERT INTO Member VALUES ('99235107', 'Glynda', 'Verissimo', '22/3/2025', '9:05:13');
INSERT INTO Member VALUES ('81564297', 'Krysta', 'Huxley', '22/3/2025', '11:41:21');
INSERT INTO Member VALUES ('95393939', 'Donn', 'Bothe', '22/3/2025', '19:16:53');
INSERT INTO Member VALUES ('93263252', 'Arlin', 'Pawlowicz', '23/3/2025', '15:47:29');