card_number,card_type
3742-8375-6443-8590,americanexpress
5108-7574-2920-6803,mastercard
3466-5960-1418-4580,americanexpress
3379-4110-3466-1310,americanexpress
3742-8382-6101-0570,americanexpress
5002-3594-5319-1014,mastercard
3438-5506-5448-2790,americanexpress
5122-4098-9757-8766,mastercard
3742-8376-7036-0310,americanexpress
4041-3757-4304-3407,visa
3742-8862-9783-4150,americanexpress
5100-1491-9212-0304,mastercard
5108-7546-4908-7766,mastercard
4262-9066-4365-7000,visa
3723-0139-1287-8790,americanexpress
4858-5115-7122-3000,visa
5100-1472-8131-7534,mastercard
5100-1730-4728-0832,mastercard
4017-9500-6281-0000,visa
4041-5965-2059-3000,visa
5100-1431-0442-7071,mastercard
3481-6980-7796-5230,americanexpress
3742-8889-7783-4510,americanexpress
5002-3537-1745-1926,mastercard
3742-8385-3694-9250,americanexpress
3403-2288-8123-5330,americanexpress
3497-9717-6891-3400,americanexpress
5580-9476-7037-6028,mastercard
3723-0124-5489-1920,americanexpress
3746-2243-5619-5890,americanexpress
5108-7557-3480-9949,mastercard
4041-5976-8082-0030,visa
5100-1476-0010-6766,mastercard
3746-2267-7977-3800,americanexpress
5108-7563-7574-5509,mastercard
5595-3741-1080-7194,mastercard
3379-4133-9159-6820,americanexpress
3732-7452-5728-0440,americanexpress
5002-3569-0363-0476,mastercard
5100-1799-9452-2514,mastercard
3379-4193-0309-6940,americanexpress
3379-4111-9036-1180,americanexpress
4133-3674-0586-2000,visa
4174-4875-8615-6250,visa
4041-3789-4360-9000,visa
3723-0169-8744-2340,americanexpress
5002-3535-6371-6844,mastercard
4017-9548-4025-2000,visa
4041-3757-9743-1300,visa
5010-1254-1009-8745,mastercard
5100-1797-2040-5596,mastercard
3496-4064-9957-2820,americanexpress
5002-3537-1118-7039,mastercard
3467-8049-1629-5720,americanexpress
3742-8891-3860-3410,americanexpress
3472-4498-2563-5180,americanexpress
5197-0833-2516-0701,mastercard
4101-1432-6249-3000,visa
3723-0141-1548-4660,americanexpress
5233-1007-9850-4441,mastercard
3723-0112-0419-4620,americanexpress
4644-0676-1710-4230,visa
3445-5644-1167-5880,americanexpress
5007-6678-9836-9184,mastercard
4017-9504-7689-4786,visa
4017-9520-0592-4000,visa
3723-0145-9699-6350,americanexpress
5392-6583-7890-7844,mastercard
5108-7555-0026-5102,mastercard
3742-8803-5942-6960,americanexpress
3723-0148-1521-0210,americanexpress
3748-3413-0592-7100,americanexpress
3452-4144-4961-0920,americanexpress
4017-9545-2688-5000,visa
3746-2256-3481-6950,americanexpress
3742-8313-3385-3280,americanexpress
4041-3786-9197-6339,visa
3781-7329-7954-0330,americanexpress
4017-9592-8958-4542,visa
3482-8971-0574-8560,americanexpress
4041-5970-9402-8000,visa
4041-5952-0037-5394,visa
4041-3742-3544-1005,visa
3742-8395-8565-2930,americanexpress
5010-1257-9869-4065,mastercard
4017-9515-5531-7000,visa
4041-3732-4180-1000,visa
3753-3831-7633-0310,americanexpress
3723-0107-4639-0240,americanexpress
3742-8351-4575-2160,americanexpress
4831-1532-8384-5000,visa
3723-0191-0611-0960,americanexpress
4909-2382-5376-7000,visa
3379-4169-0942-9400,americanexpress
5010-1239-6095-0191,mastercard
5269-6395-1127-1298,mastercard
5100-1336-3816-7335,mastercard
4041-5943-3854-1944,visa
5194-4531-9981-1858,mastercard
3723-0164-2558-5080,americanexpress
3720-1894-3441-9410,americanexpress
3754-4815-1815-5680,americanexpress
5010-1270-0367-8727,mastercard
3488-5505-3415-9470,americanexpress
4102-1404-9333-2624,visa
5048-3785-1747-5805,mastercard
3379-4111-0350-8720,americanexpress
4041-3717-4744-5000,visa
5185-1283-4205-5865,mastercard
5048-3785-2429-1641,mastercard
4017-9589-0318-5777,visa
4041-5910-7661-8652,visa
5516-0917-8171-8239,mastercard
4062-1589-4494-8000,visa
3746-2279-9159-8670,americanexpress
3709-6737-6494-6310,americanexpress
3379-4150-3816-5050,americanexpress
4782-0414-6604-5000,visa
4041-3750-5417-8000,visa
5100-1487-1517-6231,mastercard
5353-2553-9415-9497,mastercard
4041-5930-2867-3000,visa
4471-3938-1883-5000,visa
5100-1333-6926-2115,mastercard
4041-5935-4635-0536,visa
5100-1398-5374-9673,mastercard
4041-3776-8506-0000,visa
4041-5991-8411-6000,visa
4085-7886-9845-5003,visa
3764-4346-5451-3990,americanexpress
4017-9536-8533-0832,visa
4950-7376-5325-4275,visa
3742-8367-4400-2540,americanexpress
3427-1956-3482-0840,americanexpress
3794-5964-6447-0120,americanexpress
4041-5941-2884-5000,visa
3742-8363-3815-2870,americanexpress
3746-2275-6435-3000,americanexpress
3379-4105-6462-1030,americanexpress
4041-3714-6296-2109,visa
4041-5961-7868-1000,visa
4041-3769-8835-8000,visa
3465-4208-9806-4120,americanexpress
3742-8855-8149-2730,americanexpress
3711-6073-9102-2450,americanexpress
5002-3549-0585-3527,mastercard
5137-2127-5104-9319,mastercard
4235-4784-7770-4000,visa
3704-2811-2262-3110,americanexpress
5147-3720-3530-3342,mastercard
4017-9546-7513-9126,visa
4041-3742-9473-4000,visa
5100-1786-0966-3135,mastercard
3379-4175-2225-8200,americanexpress
3742-8352-4767-9850,americanexpress
5007-6615-0943-7076,mastercard
5151-5386-3899-0353,mastercard
4041-5996-9128-4000,visa
3742-8822-9731-2510,americanexpress
3723-0139-8898-2720,americanexpress
5048-3767-1576-2651,mastercard
3464-6626-5234-2580,americanexpress
4041-5961-8034-9000,visa
5100-1481-3579-0678,mastercard
4379-6028-1704-5808,visa
5100-1799-5650-8519,mastercard
3791-8694-7019-2790,americanexpress
3746-2266-4736-3020,americanexpress
5010-1237-1377-7685,mastercard
5007-6676-8660-7571,mastercard
5125-6064-5413-0934,mastercard
4017-9527-7684-7000,visa
4697-4760-5428-2000,visa
4041-5916-6903-9605,visa
5048-3742-7540-3915,mastercard
5279-3020-2508-5740,mastercard
5470-0776-9262-2473,mastercard
3742-8878-3936-3200,americanexpress
4041-5910-0994-9471,visa
5100-1418-8375-9771,mastercard
5002-3503-8880-9705,mastercard
5111-8624-5657-5743,mastercard
4041-3725-8557-5547,visa
4041-5970-8022-5855,visa
3723-0155-0511-1270,americanexpress
3787-1306-3202-5110,americanexpress
5002-3501-7820-3002,mastercard
5007-6635-0124-2249,mastercard
4017-9534-7182-8000,visa
5010-1297-9032-9290,mastercard
4041-3732-3326-1000,visa
3487-3105-0198-1010,americanexpress
5100-1791-3608-2385,mastercard
3379-4187-8598-9100,americanexpress
5100-1489-8735-8590,mastercard
3723-0114-8607-7750,americanexpress
3723-0157-0537-2920,americanexpress
3742-8800-8841-7920,americanexpress
5562-3616-8106-7877,mastercard
5100-1455-4448-5254,mastercard
4764-6275-4671-4880,visa
5537-5226-4108-0613,mastercard
4041-3720-2532-1320,visa
3379-4141-2824-2280,americanexpress
3742-8310-7176-6200,americanexpress
3431-8243-2641-4640,americanexpress
3492-9277-9763-3280,americanexpress
3379-4138-3811-4930,americanexpress
3746-2285-0863-9930,americanexpress
4041-3785-8572-4597,visa
4041-3714-0844-2216,visa
3742-8864-5756-0070,americanexpress
4057-7153-2392-5000,visa
4041-3791-2472-0000,visa
5100-1399-4779-7621,mastercard
5010-1225-8707-3783,mastercard
4795-3093-9560-4289,visa
3379-4155-7323-5230,americanexpress
4041-5963-5253-5884,visa
5364-6096-7594-1048,mastercard
3447-0570-5146-3620,americanexpress
3742-8341-9537-5680,americanexpress
5286-7461-9467-0990,mastercard
3792-4305-0025-9550,americanexpress
5312-3568-7145-6081,mastercard
3788-2099-3474-4720,americanexpress
5278-2833-7285-5904,mastercard
5328-7624-5034-7876,mastercard
5048-3728-9559-4576,mastercard
4017-9529-9189-1000,visa
5563-0000-0303-6975,mastercard
3723-0139-8583-5360,americanexpress
4041-5942-1351-4000,visa
5007-6628-4693-3645,mastercard
5365-1253-4695-7346,mastercard
5010-1201-2652-4555,mastercard
3746-2269-3305-0870,americanexpress
4808-5019-1820-0588,visa
3742-8871-3603-5780,americanexpress
5100-1740-2376-3072,mastercard
5564-3232-0734-7827,mastercard
5010-1224-6819-4484,mastercard
4041-5991-0963-4000,visa
5140-5288-7471-9453,mastercard
5100-1362-1331-4610,mastercard
3742-8375-8529-1500,americanexpress
5425-5388-3752-0308,mastercard
4041-5926-2254-2000,visa
4184-6947-4748-4000,visa
4040-5373-1274-4951,visa
4378-5946-8497-5000,visa
3438-0826-7734-8060,americanexpress
3742-8349-4683-9720,americanexpress
3459-7634-9733-3730,americanexpress
5108-7553-7131-7446,mastercard
3742-8393-9738-2580,americanexpress
4041-5932-3327-3000,visa
4041-3701-5814-9000,visa
5412-7569-7815-2526,mastercard
5010-1294-1497-2020,mastercard
5100-1477-2157-7002,mastercard
4314-7429-1080-6074,visa
4041-3759-8463-2983,visa
5100-1319-1994-0503,mastercard
4488-7987-3812-9000,visa
5100-1710-8482-6004,mastercard
3488-7879-3203-8600,americanexpress
5048-3757-8606-2124,mastercard
5100-1768-3216-4293,mastercard
5383-3716-3629-3251,mastercard
3723-0179-2117-9150,americanexpress
4120-8050-3818-1000,visa
3742-8888-7610-6800,americanexpress
3723-0151-4260-8370,americanexpress
4017-9576-2803-5000,visa
5420-6215-1800-7152,mastercard
3742-8829-0706-9350,americanexpress
3723-0182-2161-1980,americanexpress
5007-6695-0614-5329,mastercard
3759-5756-1493-5840,americanexpress
5134-8536-1436-0378,mastercard
3436-8511-4563-5250,americanexpress
4041-5919-4208-1000,visa
4199-2261-1388-8063,visa
4017-9539-6152-6715,visa
4041-3770-8515-0196,visa
4017-9511-0831-4243,visa
5431-0005-2558-5491,mastercard
5007-6618-5183-7667,mastercard
5007-6688-0770-0204,mastercard
5544-6871-9220-1446,mastercard
4041-3760-6800-5831,visa
5296-3352-0133-7849,mastercard
4041-5953-9076-1163,visa
4041-3728-5631-0000,visa
4359-6131-9410-5000,visa
3746-2263-6493-1230,americanexpress
3723-0159-2045-1420,americanexpress
5329-2573-6464-1067,mastercard
3746-2224-5705-6930,americanexpress
5588-7464-7084-3381,mastercard
5326-3953-2524-2493,mastercard
5412-4459-0727-9531,mastercard
5002-3563-9506-6817,mastercard
4041-5949-1665-2000,visa
4041-3754-4428-8000,visa
4017-9583-0905-6000,visa
5406-4496-0814-9678,mastercard
3746-2220-7824-2920,americanexpress
3723-0122-0566-8650,americanexpress
4041-5983-6020-5914,visa
3431-3743-9916-7150,americanexpress
5130-1598-5088-0432,mastercard
4041-3703-6169-5729,visa
3723-0150-4122-5590,americanexpress
4017-9540-6017-9174,visa
3769-0785-4856-1030,americanexpress
3723-0149-2204-3440,americanexpress
3723-0177-0467-5630,americanexpress
3742-8808-9819-4850,americanexpress
3742-8371-4048-6420,americanexpress
4622-2443-1410-7000,visa
5048-3730-3456-0593,mastercard
5108-7501-9828-2345,mastercard
5425-2019-6593-2767,mastercard
5048-3732-4795-0482,mastercard
5108-7558-6119-8686,mastercard
4041-5969-9003-6000,visa
4166-8190-9270-8549,visa
5002-3538-6455-7277,mastercard
5002-3560-1692-3982,mastercard
5100-1336-5265-5132,mastercard
5108-7512-6266-1760,mastercard
4017-9557-3058-4297,visa
3746-2202-5555-5320,americanexpress
5113-5016-1947-7052,mastercard
3491-6741-5904-8500,americanexpress
5170-7430-0213-3302,mastercard
3717-2230-1570-8670,americanexpress
3379-4109-8519-6050,americanexpress
4017-9528-3811-7724,visa
5002-3570-8277-8813,mastercard
4041-5910-1378-4000,visa
5108-7530-0421-0955,mastercard
4041-3794-9209-5964,visa
3379-4105-8251-5790,americanexpress
4580-9931-4202-8949,visa
3379-4107-5444-6110,americanexpress
3742-8309-7351-9690,americanexpress
3742-8302-8902-2110,americanexpress
4017-9526-3524-1000,visa
4041-3759-6587-2897,visa
3746-2290-8440-4970,americanexpress
3723-0197-4887-1780,americanexpress
4041-3787-4537-6000,visa
4041-3722-4327-9000,visa
4041-3770-6925-2299,visa
4279-7857-4917-3000,visa
3746-2223-9979-9990,americanexpress
4041-3722-4593-5370,visa
5450-4766-5377-5912,mastercard
4587-1279-6288-6000,visa
5002-3571-1964-9565,mastercard
3746-2203-7885-6200,americanexpress
4017-9508-7380-2000,visa
5556-2305-8698-3710,mastercard
5002-3573-9800-9903,mastercard
5100-1354-5073-9307,mastercard
3723-0177-0006-8660,americanexpress
3742-8390-8273-9490,americanexpress
5100-1435-2186-4385,mastercard
5010-1268-8839-9698,mastercard
5162-9449-8511-6708,mastercard
3742-8371-4775-7070,americanexpress
4017-9585-1605-6167,visa
3379-4182-0689-4940,americanexpress
3742-8856-4315-2230,americanexpress
5010-1283-8326-7016,mastercard
3742-8885-6143-7470,americanexpress
4041-3795-2239-3645,visa
3746-2250-9764-1700,americanexpress
4041-3734-2929-6993,visa
3419-2519-9608-1630,americanexpress
4012-1646-2060-7673,visa
3742-8872-0354-0580,americanexpress
4041-3765-5739-3000,visa
3742-8345-7622-1320,americanexpress
3714-2022-8501-6650,americanexpress
3746-2239-7927-0040,americanexpress
4041-5967-5376-0487,visa
4017-9536-4218-4496,visa
5010-1238-9328-7927,mastercard
5325-7855-7105-2037,mastercard
5425-1756-5507-4975,mastercard
5100-1313-3142-0092,mastercard
4041-3769-2999-8000,visa
3379-4132-1880-8080,americanexpress
3742-8805-2707-5680,americanexpress
5002-3543-5613-7776,mastercard
4041-3791-6224-1000,visa
5100-1764-6413-9530,mastercard
3461-8835-2356-4770,americanexpress
3379-4172-7123-0920,americanexpress
5432-7914-3374-0157,mastercard
4041-3742-0340-8739,visa
3379-4130-2648-2160,americanexpress
3746-2276-0421-6350,americanexpress
5007-6695-9337-6555,mastercard
5010-1296-7028-0266,mastercard
5108-7566-5525-9775,mastercard
4987-8136-3174-8000,visa
4856-5322-8901-5000,visa
4017-9514-6359-5000,visa
5048-3723-1900-5647,mastercard
5007-6628-8588-6308,mastercard
3379-4154-7851-1790,americanexpress
5048-3782-4912-1792,mastercard
4041-3749-8613-8206,visa
3746-2220-8042-0270,americanexpress
4017-9575-9214-0000,visa
4142-8184-9290-8000,visa
4017-9530-5815-2292,visa
5048-3713-4941-8598,mastercard
5594-4214-2691-3355,mastercard
4041-3717-2048-2056,visa
3379-4175-2839-2730,americanexpress
3723-0106-2524-7660,americanexpress
3746-1978-7589-5840,americanexpress
4041-3771-2938-2000,visa
3746-2215-4905-2760,americanexpress
5100-1410-4773-6046,mastercard
5181-3244-6400-5960,mastercard
3723-0117-0199-7900,americanexpress
3746-2257-5046-9320,americanexpress
4191-9253-3500-3371,visa
3742-8324-7848-5340,americanexpress
3746-2231-2815-9200,americanexpress
4041-5974-9648-5325,visa
5391-3385-3484-3602,mastercard
5100-1310-0446-0490,mastercard
4998-4225-3117-8194,visa
4017-9534-8260-1000,visa
3723-0156-3438-1440,americanexpress
4041-3762-5879-4000,visa
3746-2276-7800-5910,americanexpress
5002-3556-9506-7152,mastercard
5007-6620-3064-1848,mastercard
3379-4137-0826-0660,americanexpress
4041-5914-4224-6220,visa
4085-2522-2787-0463,visa
3742-8354-7321-6380,americanexpress
4676-9172-0944-5980,visa
5100-1396-2644-5682,mastercard
4017-9539-9901-0278,visa
3786-3470-8016-2900,americanexpress
5535-8959-7391-1353,mastercard
5007-6696-0939-7728,mastercard
3714-7130-6553-8540,americanexpress
4017-9546-7601-1000,visa
5048-3730-9407-5623,mastercard
4017-9547-2314-4000,visa
4041-5989-3947-8083,visa
5048-3752-4558-0781,mastercard
5124-1369-6611-4409,mastercard
4041-3781-5496-0911,visa
3723-0179-2973-8040,americanexpress
5007-6610-2314-5486,mastercard
3379-4179-7926-6480,americanexpress
5010-1299-2198-4559,mastercard
4041-5917-2826-6000,visa
5100-1366-8255-7392,mastercard
5100-1453-5676-3251,mastercard
3723-0171-4485-5980,americanexpress
5498-2504-5588-1275,mastercard
4647-6879-8081-9671,visa
4504-8875-5085-0000,visa
5002-3566-9806-6530,mastercard
3742-8323-9678-1700,americanexpress
3742-8318-7119-4170,americanexpress
4115-1569-2864-7696,visa
3425-5175-3025-7160,americanexpress
5108-7533-5985-4522,mastercard
4694-9043-3193-7000,visa
5108-7541-3855-0431,mastercard
3464-2392-1857-7250,americanexpress
4017-9591-2134-4000,visa
4119-9675-5994-3000,visa
3742-8818-6475-3220,americanexpress
4041-5988-6021-5868,visa
5010-1293-7351-8871,mastercard
5411-7148-7038-5612,mastercard
4409-0861-4347-9291,visa
5108-7578-2624-7673,mastercard
4017-9568-2798-0554,visa
3742-8327-7696-5480,americanexpress
4041-3775-2327-9000,visa
4041-3707-2134-0743,visa
5506-6030-3620-4740,mastercard
5048-3756-6989-1748,mastercard
5048-3779-2752-0374,mastercard
4240-0272-8781-0000,visa
3723-0173-9618-5530,americanexpress
3445-5019-0461-2010,americanexpress
3746-2245-0908-4530,americanexpress
3379-4106-2639-4620,americanexpress
4482-7869-3809-9143,visa
5002-3503-9198-4958,mastercard
5002-3559-2923-7647,mastercard
4041-5983-0137-7178,visa
4017-9599-0462-4301,visa
5108-7587-0495-2004,mastercard
4954-8213-0062-4324,visa
5007-6693-9847-8119,mastercard
4041-5910-6003-3000,visa
4041-5938-0758-9000,visa
5002-3519-5957-4058,mastercard
5002-3576-8334-2563,mastercard
3422-8417-0974-5020,americanexpress
5190-1406-3334-0180,mastercard
5100-1320-7103-0687,mastercard
4041-5922-9264-3000,visa
3746-2200-8170-2830,americanexpress
4017-9553-9314-5000,visa
5401-3967-1867-8960,mastercard
3379-4162-5692-3700,americanexpress
4002-4335-6509-2000,visa
3723-0194-4857-6240,americanexpress
3769-3904-8938-4140,americanexpress
3379-4104-1644-4190,americanexpress
3439-7055-7812-0540,americanexpress
3379-4127-0421-8770,americanexpress
3742-8888-9088-4550,americanexpress
4041-5950-2125-1469,visa
4017-9520-2947-8000,visa
5323-6329-2178-4723,mastercard
4041-5971-6541-4000,visa
3379-4177-4498-0820,americanexpress
5164-2395-6965-7591,mastercard
5308-1033-8202-1517,mastercard
4017-9569-5731-6157,visa
5010-1283-0463-9129,mastercard
5108-7596-1507-0167,mastercard
5100-1778-5572-7131,mastercard
3742-8816-3304-7010,americanexpress
4017-9579-8119-6938,visa
5435-9860-8693-1924,mastercard
3742-8375-2879-0980,americanexpress
4041-3753-8979-3489,visa
3742-8355-0588-5860,americanexpress
5267-4849-9588-9840,mastercard
5412-7370-1885-0154,mastercard
5570-9617-4129-5218,mastercard
5002-3576-5573-4375,mastercard
4714-9385-6314-7000,visa
5190-0527-8545-4331,mastercard
5599-8876-7478-9496,mastercard
4041-3780-7398-5000,visa
4041-5991-5403-4056,visa
4041-3770-9234-6043,visa
4041-5981-9577-4000,visa
5131-6580-5864-1727,mastercard
3746-2289-1963-4970,americanexpress
5548-2421-9721-6985,mastercard
3379-4180-3985-6460,americanexpress
4041-3721-6626-5658,visa
4649-9772-5041-4000,visa
3746-2272-4701-7670,americanexpress
5002-3578-5576-4081,mastercard
5411-4707-5285-6986,mastercard
3742-8801-5893-3310,americanexpress
4041-5952-3825-3613,visa
5007-6697-0970-1837,mastercard
5007-6652-1029-2449,mastercard
4009-7469-9022-2000,visa
5100-1727-5613-2416,mastercard
4041-5927-1804-3000,visa
3722-0356-9042-2860,americanexpress
4041-3725-7746-0000,visa
5007-6646-5708-7230,mastercard
3402-3255-9522-1130,americanexpress
5479-1965-2743-5926,mastercard
5108-7577-1006-0687,mastercard
4801-8410-8078-8000,visa
5002-3533-5430-9213,mastercard
3499-6874-9451-0410,americanexpress
4041-3772-4667-6741,visa
5411-4591-1125-3787,mastercard
3403-5976-5596-7870,americanexpress
5367-4212-2405-7632,mastercard
4017-9565-6230-3236,visa
4397-3964-5097-7827,visa
4019-5484-5688-4000,visa
3761-1859-9388-1680,americanexpress
3742-8819-0071-3230,americanexpress
3785-4691-0788-8640,americanexpress
5048-3751-3984-7619,mastercard
3403-8653-2735-9760,americanexpress
5549-2684-8713-1104,mastercard
3742-8355-6114-0070,americanexpress
5007-6681-3291-0171,mastercard
5048-3784-8625-2573,mastercard
3742-8894-7757-7860,americanexpress
5010-1235-1374-7060,mastercard
5108-7550-3357-2842,mastercard
3723-0193-3965-1560,americanexpress
4193-3402-2565-4000,visa
4283-3992-5056-4834,visa
5388-5092-7721-4079,mastercard
3379-4164-1992-6970,americanexpress
5441-7543-8780-1176,mastercard
3423-0601-1929-8720,americanexpress
4017-9539-0147-3952,visa
5100-9683-8047-3559,mastercard
3742-8831-7168-2420,americanexpress
5276-4125-5031-1453,mastercard
5048-3782-6122-0969,mastercard
3746-2283-2809-3870,americanexpress
3742-8840-8142-1480,americanexpress
5002-3538-8154-4035,mastercard
5010-1299-1275-8590,mastercard
5584-9724-5100-5659,mastercard
5010-1277-6007-6156,mastercard
5002-3538-4854-5901,mastercard
3436-2037-3662-6500,americanexpress
3379-4100-0634-6660,americanexpress
3723-0178-3351-3660,americanexpress
4671-9224-0968-6131,visa
3723-0162-5153-0950,americanexpress
5202-2543-7196-3685,mastercard
3742-8898-0010-7540,americanexpress
5530-2923-1463-3539,mastercard
5281-5753-5610-4125,mastercard
3746-2239-4270-9860,americanexpress
4041-5901-6652-6000,visa
5100-1364-6240-5945,mastercard
5575-7581-4487-7500,mastercard
3742-8396-5200-1080,americanexpress
4017-9564-3959-0000,visa
5048-3701-6426-4947,mastercard
3746-2293-2416-5470,americanexpress
3723-0157-2175-7600,americanexpress
3710-4999-1491-1330,americanexpress
3766-7772-6344-9230,americanexpress
3379-4152-3918-9840,americanexpress
3742-8307-8908-8780,americanexpress
5048-3763-7230-6263,mastercard
3746-2266-8120-1150,americanexpress
5218-3781-6635-7266,mastercard
3742-8307-2407-0750,americanexpress
4610-5136-7618-1000,visa
4369-1690-3970-6692,visa
3746-2272-3526-2720,americanexpress
3379-4174-1314-4610,americanexpress
5100-1720-6343-3481,mastercard
4665-0080-0917-1563,visa
5337-2805-8442-2787,mastercard
5478-9314-8459-3981,mastercard
5108-7591-0680-4694,mastercard
3701-5345-0289-3340,americanexpress
3706-7482-7403-7530,americanexpress
4041-3732-8478-0339,visa
3742-8816-2728-9180,americanexpress
3753-9686-1401-7910,americanexpress
5109-9295-7484-7140,mastercard
5175-0689-0128-7198,mastercard
5100-1760-2905-6740,mastercard
3434-4284-0441-4220,americanexpress
4041-3773-3974-6963,visa
5433-6127-0096-5187,mastercard
5007-6696-3699-4059,mastercard
4017-9506-3798-3000,visa
5108-7526-6734-5793,mastercard
3730-7145-8910-0490,americanexpress
3742-8870-3208-1070,americanexpress
4041-3761-0933-6000,visa
5418-2973-9754-4559,mastercard
3476-9327-1073-2430,americanexpress
4041-5996-0845-0858,visa
5010-1261-3098-7902,mastercard
5358-2681-2280-0071,mastercard
5102-4756-0110-7592,mastercard
3723-0153-1606-9130,americanexpress
3742-8880-8980-6180,americanexpress
5048-3758-3200-2942,mastercard
4041-3760-6529-8000,visa
3742-8354-5824-7400,americanexpress
5007-6686-1923-2636,mastercard
3403-6915-4106-6500,americanexpress
4354-9160-6859-3000,visa
3379-4136-6045-5490,americanexpress
5130-7621-3151-0403,mastercard
5497-7066-0335-0928,mastercard
3723-0140-8279-0180,americanexpress
5048-3775-5368-7950,mastercard
3742-8366-3542-3060,americanexpress
3460-4392-6009-5750,americanexpress
3379-4116-3154-6840,americanexpress
3742-8892-4751-1820,americanexpress
3742-8888-0527-5010,americanexpress
3379-4187-1046-6360,americanexpress
5002-3529-3952-1326,mastercard
4449-5268-6202-9000,visa
3742-8805-0275-5760,americanexpress
4041-3747-8943-0594,visa
3379-4144-6913-2290,americanexpress
4041-3725-4330-1945,visa
5565-6013-6323-9592,mastercard
4592-4021-9258-8444,visa
3708-4476-4488-0550,americanexpress
5048-3730-0580-4087,mastercard
5100-1436-3892-0120,mastercard
3702-8662-5974-0400,americanexpress
5305-5776-6948-5037,mastercard
5311-6710-3484-0901,mastercard
4041-5925-2201-5000,visa
5048-3781-9871-9117,mastercard
4017-9509-3787-0000,visa
5522-3050-8603-5657,mastercard
5100-1456-0333-3437,mastercard
4041-5937-2453-7000,visa
4140-4666-0486-7859,visa
4017-9549-8891-1000,visa
5482-0318-3774-1447,mastercard
4017-9530-2232-4000,visa
4041-3747-5934-9568,visa
3742-8804-6009-3370,americanexpress
5002-3592-9101-6001,mastercard
5100-1425-5461-6654,mastercard
5010-1206-7089-2598,mastercard
4172-2388-9824-4000,visa
5382-1606-7695-4158,mastercard
3742-8832-0857-7080,americanexpress
3742-8873-6027-9040,americanexpress
3723-0189-4428-7230,americanexpress
4041-5965-9844-3778,visa
4108-4507-2471-8000,visa
3379-4103-1969-7430,americanexpress
4041-3749-4916-0693,visa
4873-6584-3754-5990,visa
4009-8937-1482-1000,visa
4017-9523-7766-1207,visa
4041-3757-5177-3000,visa
4819-5940-6238-1000,visa
3742-8304-9504-0380,americanexpress
5267-2004-3942-1713,mastercard
3746-2220-7021-2950,americanexpress
3742-8396-1635-2320,americanexpress
4041-5900-9535-2475,visa
5100-1737-3716-6861,mastercard
4726-9456-3721-9000,visa
5010-1267-7943-7623,mastercard
4041-3724-8870-8666,visa
3379-4194-9569-2210,americanexpress
4041-3752-3374-9000,visa
5109-8057-0596-2190,mastercard
3379-4159-7704-5910,americanexpress
3742-8301-3950-8600,americanexpress
5108-7599-4140-2258,mastercard
5048-3708-0070-9149,mastercard
3746-2275-6064-7950,americanexpress
4041-3710-1917-5000,visa
3746-2239-8447-8040,americanexpress
5351-1426-2053-6338,mastercard
4041-5951-7431-7554,visa
5010-1269-8951-4567,mastercard
4017-9564-8138-8003,visa
3746-2295-3387-5930,americanexpress
3379-4116-7820-1730,americanexpress
3379-4187-0050-9100,americanexpress
4041-5953-0243-1000,visa
3404-9815-8901-5660,americanexpress
5010-1254-1316-4585,mastercard
5048-3782-4597-2362,mastercard
4041-5946-2853-9000,visa
3742-8326-1328-8430,americanexpress
3742-8820-3543-1020,americanexpress
3742-8364-4796-4190,americanexpress
4041-3757-8014-5000,visa
4041-5909-3764-0491,visa
5010-1252-6527-1884,mastercard
5302-5829-3170-9035,mastercard
5428-2392-5961-1983,mastercard
5100-1494-1606-6887,mastercard
5440-7935-8670-8288,mastercard
5100-1454-4661-0843,mastercard
4041-5928-6525-7629,visa
4017-9564-0683-9000,visa
4017-9515-5787-5000,visa
4067-3146-3371-5000,visa
3746-2237-7755-4170,americanexpress
4041-3739-2299-8640,visa
3402-1220-8229-5340,americanexpress
5048-3710-2248-3497,mastercard
5154-6270-8338-5289,mastercard
5408-4331-8974-1622,mastercard
4017-9532-8451-2491,visa
4017-9522-6682-5830,visa
3723-0157-9023-8640,americanexpress
5311-3953-2767-0383,mastercard
5108-7532-7459-8048,mastercard
3379-4105-1936-1500,americanexpress
3746-2276-8410-9290,americanexpress
5134-4429-6769-9580,mastercard
4041-3723-0818-9000,visa
4041-5983-0901-2116,visa
5007-6680-2121-2945,mastercard
3723-0118-5377-2580,americanexpress
3742-8831-6607-1410,americanexpress
4017-9597-3426-0000,visa
3723-0166-6622-5940,americanexpress
4004-2200-8242-2000,visa
3742-8389-7060-0750,americanexpress
5342-5130-8250-3366,mastercard
5100-1492-3534-4028,mastercard
3379-4194-8415-6990,americanexpress
3746-2213-7796-2480,americanexpress
4041-5991-8500-6000,visa
3742-8348-9807-7430,americanexpress
3379-4182-4912-0170,americanexpress
5048-3741-9526-3340,mastercard
4041-5981-4260-8989,visa
3746-2227-2767-6990,americanexpress
4041-5969-6229-0000,visa
5154-7642-4674-6345,mastercard
3723-0132-5712-5620,americanexpress
3742-8888-8592-9520,americanexpress
5100-1721-5113-0668,mastercard
3742-4087-1622-3610,americanexpress
4041-5925-6858-9716,visa
3413-5574-3219-8630,americanexpress
5010-1248-4552-4862,mastercard
5002-3534-2010-4804,mastercard
3742-8318-3502-3350,americanexpress
5405-0313-1618-5193,mastercard
5160-8866-7642-2675,mastercard
4017-9540-0564-1000,visa
5010-1255-6324-2496,mastercard
4029-0481-3470-9000,visa
5225-5991-4371-5836,mastercard
3405-3519-0085-0880,americanexpress
5002-3556-6204-9167,mastercard
4041-3736-9518-8000,visa
5007-6645-2488-6202,mastercard
3754-1323-3239-1120,americanexpress
4850-9308-8124-2000,visa
3723-0172-9625-2950,americanexpress
5010-1230-4881-0045,mastercard
4017-9549-2504-7533,visa
4527-9155-7680-0788,visa
5100-1488-1939-4003,mastercard
4017-9554-4705-8700,visa
4174-1088-8991-5000,visa
3742-8338-9341-1080,americanexpress
3775-8200-0297-0610,americanexpress
5191-1195-2942-3085,mastercard
5007-6692-6300-9122,mastercard
3752-0161-7133-8150,americanexpress
5002-3537-5806-3416,mastercard
5252-1939-9532-3497,mastercard
5444-3733-1517-2498,mastercard
3379-4119-2584-2730,americanexpress
5449-5936-2236-3515,mastercard
5002-3533-2886-2255,mastercard
4088-4815-5231-3842,visa
4041-3725-9955-5000,visa
4041-3793-7296-3554,visa
3379-4130-7050-7070,americanexpress
4041-3729-9753-6000,visa
5108-7556-8043-4783,mastercard
4041-3797-6837-6619,visa
3379-4139-1174-3480,americanexpress
3705-8963-2953-6460,americanexpress
5216-3598-0116-7395,mastercard
5007-6615-3824-3933,mastercard
5513-0759-0167-4813,mastercard
5048-3762-7981-1829,mastercard
5366-5901-4521-4349,mastercard
4017-9552-1517-6148,visa
4173-2550-6760-4994,visa
3744-3476-2855-6240,americanexpress
4041-3791-3339-8009,visa
3417-2532-1257-7270,americanexpress
5010-1291-6937-3275,mastercard
4041-3743-6246-2568,visa
3723-0141-6575-0270,americanexpress
3742-8892-1618-6240,americanexpress
5135-7590-6081-5394,mastercard
4041-3798-8311-9000,visa
5010-1262-0325-8173,mastercard
3413-2402-8423-6080,americanexpress
5108-7550-4059-6248,mastercard
5100-1495-8625-8405,mastercard
3494-5317-9929-1130,americanexpress
3742-8336-1875-7010,americanexpress
3411-5877-4249-5710,americanexpress
4041-3711-1804-3387,visa
3746-2207-6383-9170,americanexpress
4041-3772-4913-1000,visa
4041-3743-8920-3000,visa
4041-5957-9693-9000,visa
5010-1240-4388-0785,mastercard
5048-3790-2242-3736,mastercard
4017-9553-0719-6731,visa
5048-3740-0181-7818,mastercard
4041-3767-3729-2000,visa
3742-8820-7255-8100,americanexpress
4041-3725-1522-1000,visa
5196-9299-2378-5920,mastercard
3379-4138-2328-8870,americanexpress
3746-2292-2048-7300,americanexpress
4041-3720-0246-9000,visa
3742-8304-9593-9320,americanexpress
4248-1063-5621-6000,visa
4041-3752-8633-6051,visa
3742-8305-4858-9310,americanexpress
5100-1738-2769-8161,mastercard
3723-0117-6357-9470,americanexpress
5048-3706-6805-4422,mastercard
3723-0158-1529-8820,americanexpress
3379-4140-1226-3770,americanexpress
3746-2287-4926-8420,americanexpress
5100-1757-3913-2031,mastercard
4041-3748-8357-1608,visa
5105-6568-5630-8202,mastercard
3742-8304-7834-2960,americanexpress
5108-7567-9777-6736,mastercard
5225-4891-4890-8711,mastercard
4017-9511-1616-2543,visa
5048-3722-2293-7241,mastercard
5322-9936-7484-8003,mastercard
3742-8806-1945-5480,americanexpress
5170-8805-4563-0202,mastercard
3723-0136-5969-0150,americanexpress
3742-8305-3650-4380,americanexpress
5007-6649-6563-6819,mastercard
4017-9517-8271-3000,visa
3746-2260-0404-9320,americanexpress
4041-5937-0054-5970,visa
3379-4145-2260-2670,americanexpress
4017-9571-8485-5793,visa
5248-3962-0176-7616,mastercard
4825-1728-9076-2000,visa
5201-6724-3847-1239,mastercard
4041-3767-0800-4000,visa
4939-5499-7485-1531,visa
3379-4160-4222-0660,americanexpress
4975-0491-9618-0000,visa
4041-5921-9247-0000,visa
5140-3037-2423-9015,mastercard
4017-9551-3042-0068,visa
4109-2714-8363-3000,visa
5010-1291-9526-3136,mastercard
4482-0107-4428-3779,visa
3742-8367-1699-8090,americanexpress
5002-3557-9274-2038,mastercard
4041-3753-7252-1000,visa
5100-1456-7620-5249,mastercard
3743-0502-6467-7620,americanexpress
3379-4181-2003-1750,americanexpress
3723-0121-0238-7310,americanexpress
3723-0162-4038-4200,americanexpress
3454-2882-8539-5170,americanexpress
5002-3588-5310-6564,mastercard
5338-5295-1942-0285,mastercard
3771-4988-0746-3180,americanexpress
5048-3748-6486-7066,mastercard
3723-0117-8388-9320,americanexpress
3742-8389-1240-9210,americanexpress
4344-4194-9768-9512,visa
4905-0077-5442-8442,visa
5002-3543-4820-3132,mastercard
4041-5981-3330-6528,visa
4041-3745-2864-0024,visa
3379-4127-3981-4970,americanexpress
3723-0146-2311-1780,americanexpress
5100-1743-8735-3718,mastercard
5100-1367-0087-9729,mastercard
3443-7594-6640-8370,americanexpress
3723-0178-3804-9680,americanexpress
5440-0767-2788-0541,mastercard
3737-3934-3873-8420,americanexpress
3746-2296-0889-0860,americanexpress
5289-6451-5065-0995,mastercard
3379-4195-9184-8610,americanexpress
3742-8872-8660-0010,americanexpress
3715-7583-5078-5120,americanexpress
3379-4124-5173-8920,americanexpress
5007-6657-1121-6111,mastercard
4319-6119-5744-8873,visa
5100-1787-0461-2003,mastercard
5002-3512-9994-0076,mastercard
4041-3722-9426-9135,visa
4017-9511-3352-9000,visa
3746-2235-3097-9410,americanexpress
3428-6267-1469-3360,americanexpress
4017-9501-0509-8000,visa
5048-3794-1154-2062,mastercard
4041-5998-8016-7170,visa
4041-5983-5236-1964,visa
5232-3422-4223-9536,mastercard
3742-8826-7701-4300,americanexpress
3770-9072-0549-7380,americanexpress
5048-3717-1014-1217,mastercard
3746-2255-4338-2270,americanexpress
4041-3723-2898-9000,visa
3457-1951-0480-2120,americanexpress
4041-5932-0853-1000,visa
5438-0490-4747-4307,mastercard
3723-0198-0658-1340,americanexpress
4017-9502-3608-6715,visa
5100-1769-1283-0532,mastercard
5002-3568-7795-1460,mastercard
4041-5996-8409-9000,visa
3769-5291-9546-6950,americanexpress
3793-7673-1611-7670,americanexpress
5482-3395-8149-3606,mastercard
3723-0184-2855-8370,americanexpress
4041-5964-9365-0000,visa
4017-9535-3063-1491,visa
5362-3873-5484-7792,mastercard
5114-6931-8471-0394,mastercard
3796-5789-1922-4030,americanexpress
4611-4642-2819-6000,visa
3731-6579-2798-2170,americanexpress
4017-9556-7614-3000,visa
3723-0114-6008-5540,americanexpress
5593-4915-7837-9821,mastercard
3746-2253-3321-5910,americanexpress
3723-0166-1623-9020,americanexpress
5108-7598-5035-8376,mastercard
5048-3738-7191-9084,mastercard
3742-8804-6666-7710,americanexpress
4017-9526-5191-7000,visa
3788-2475-1558-0050,americanexpress
5100-1748-6997-5749,mastercard
4041-3724-0680-9778,visa
3723-0125-0903-9390,americanexpress
5343-5539-3858-9150,mastercard
5007-6600-6592-6738,mastercard
4017-9560-0665-4000,visa
4041-3778-9103-1000,visa
3379-4162-1203-1490,americanexpress
4041-3769-9408-7853,visa
4041-5976-1843-1512,visa
3723-0157-5158-7550,americanexpress
3426-9022-2524-9800,americanexpress
3463-6504-1405-7390,americanexpress
4017-9540-9421-4724,visa
5100-1489-4193-7661,mastercard
4041-5942-4724-9000,visa
4041-5968-0814-7000,visa
5373-2916-6303-6658,mastercard
4017-9550-7241-9557,visa
3746-2270-9120-3220,americanexpress
4041-5971-0052-8000,visa
3464-7484-9748-6600,americanexpress
4017-9574-2405-9925,visa
5100-1373-8527-7346,mastercard
5100-1726-5030-2974,mastercard
5385-6602-0832-6293,mastercard
4345-9325-9219-8964,visa
4041-3783-8780-5024,visa
4041-3762-0140-3588,visa
4060-4662-7452-9000,visa
4841-5886-0075-2000,visa
5280-4431-4286-6237,mastercard
4017-9538-3883-6000,visa
3379-4184-8216-3200,americanexpress
5002-3509-4268-0600,mastercard
5100-1703-5196-8465,mastercard
3742-8894-9575-3270,americanexpress
5100-1484-9459-3283,mastercard
3742-8893-8519-2600,americanexpress
4041-5948-5895-4436,visa
5007-6666-5538-8189,mastercard
5010-1243-1748-9404,mastercard
3379-4160-8197-1570,americanexpress
4041-3740-9063-0254,visa
5048-3735-1154-9374,mastercard
4017-9513-6109-6000,visa
5595-4693-2849-4478,mastercard
3723-0167-2225-2750,americanexpress
3379-4137-3693-0260,americanexpress
5100-1355-2752-8469,mastercard
5371-6676-9776-7396,mastercard
4017-9546-8112-8000,visa
4139-3745-5786-8000,visa
3379-4151-8318-1090,americanexpress
4041-3708-0809-8339,visa
4017-9539-7482-1000,visa
3759-4638-5437-8690,americanexpress
4041-3782-5993-5164,visa
5100-1727-2300-3849,mastercard
3746-2259-4312-8440,americanexpress
3742-8824-4489-0000,americanexpress
5007-6631-6250-1859,mastercard
3742-8858-5220-8080,americanexpress
3379-4163-1895-1650,americanexpress
5497-5930-7765-2173,mastercard
3742-8335-1452-6690,americanexpress
4041-5931-3570-7609,visa
5002-3555-8529-3181,mastercard
4041-3754-7938-3000,visa
5255-5057-5179-8280,mastercard
4093-1017-2700-7000,visa
4418-8510-8930-0000,visa
5002-3584-4478-6262,mastercard
4041-3760-3187-0683,visa
5258-6158-7590-1483,mastercard
3726-4716-2177-5520,americanexpress
5002-3502-0313-4479,mastercard
4041-3735-8355-0201,visa
5100-1373-0652-4594,mastercard
5100-1740-7113-2493,mastercard
5010-1226-6344-1854,mastercard
5010-1298-7757-6557,mastercard
3430-2375-7220-1970,americanexpress
4041-5947-0386-0000,visa
3746-2242-4213-5430,americanexpress
5048-3760-1111-9663,mastercard
5002-3549-1736-6500,mastercard
3379-4144-5878-0840,americanexpress
3746-2299-3498-7720,americanexpress
3379-4168-3935-7110,americanexpress
3413-8793-3310-5330,americanexpress
4041-5923-3350-9312,visa
3742-8882-4141-1870,americanexpress
4017-9559-8485-3240,visa
3742-8376-2863-0090,americanexpress
4041-5997-3135-8812,visa
4041-3769-8679-6420,visa
3452-9389-8584-8700,americanexpress
5108-7502-5339-1460,mastercard
3746-2256-5976-1300,americanexpress
3742-8332-8323-6620,americanexpress
5100-1770-5608-9059,mastercard
4017-9515-7930-1620,visa
4043-4564-6490-9733,visa
3461-8082-5230-6030,americanexpress
3379-4106-5572-7020,americanexpress
4041-3720-7477-2225,visa
4307-3247-1539-5000,visa
3742-8843-2405-1070,americanexpress
3493-4376-6841-1460,americanexpress
5007-6619-9301-7186,mastercard
4041-5983-0923-0064,visa
4041-5911-5286-3000,visa
3742-8807-8793-0710,americanexpress
4041-3715-6985-6000,visa
4296-6032-9072-9959,visa
4041-5956-8144-6000,visa
3746-2273-8908-3330,americanexpress
3723-0123-8865-1920,americanexpress
3723-0122-4261-9500,americanexpress
4041-5965-8870-0450,visa
4620-0524-6676-1000,visa
4017-9535-7251-8000,visa
3742-8896-5618-7200,americanexpress
5010-1232-4785-0024,mastercard
4041-3762-8612-6000,visa
5349-2100-7378-9020,mastercard
5100-1418-9258-9235,mastercard
3746-2228-9812-0740,americanexpress
3742-8819-5539-3810,americanexpress
5048-3719-2540-4384,mastercard
5007-6600-8413-8612,mastercard
3723-0137-2206-2110,americanexpress
4041-3734-8767-7000,visa
3746-2205-6691-0160,americanexpress
5100-1472-5538-5376,mastercard
3723-0181-0164-3290,americanexpress
5502-6297-0565-1642,mastercard
5002-3598-6795-3942,mastercard
3379-4167-1934-1220,americanexpress
5007-6688-1245-6529,mastercard
4408-6367-6610-8000,visa
5346-6206-5400-9585,mastercard
3746-2268-5431-0990,americanexpress
4017-9529-3194-7000,visa
5100-1728-6334-3054,mastercard
3742-8366-6276-3160,americanexpress
3742-8840-6312-1310,americanexpress
4857-9569-9618-0666,visa
4041-5999-4898-6892,visa
5048-3718-6415-4511,mastercard
4986-5963-1014-0000,visa
4017-9544-5468-2000,visa
5048-3787-9982-0603,mastercard
3723-0159-3782-7350,americanexpress
5108-7511-3994-7160,mastercard
3742-8369-5414-3000,americanexpress
4017-9511-3740-4676,visa
3716-5438-9023-3880,americanexpress
5305-2742-8582-9794,mastercard
5552-5450-4988-6166,mastercard
3778-8030-7005-8270,americanexpress
4041-5967-3976-3000,visa
4041-3765-7502-3000,visa
5100-1374-4442-4368,mastercard
5179-5114-3756-1459,mastercard
5108-7571-5955-6823,mastercard
5002-3554-4900-6134,mastercard
5007-6605-1716-4193,mastercard
4017-9575-7059-3438,visa
3723-0135-5941-4040,americanexpress
5507-3994-3543-0759,mastercard
5010-1227-2058-7350,mastercard
3403-4623-1955-4080,americanexpress
4017-9579-4857-1488,visa
3742-8815-7126-1360,americanexpress
5184-0353-4821-4001,mastercard
3742-8393-4093-6000,americanexpress
4041-3761-1176-1661,visa
5100-1435-0919-7121,mastercard
3723-0198-7074-3350,americanexpress
4041-3725-8460-7000,visa
4041-3769-6487-1682,visa
5319-5966-1088-7368,mastercard
4041-5974-4483-5000,visa
5465-8969-3459-7145,mastercard
3742-8847-3393-7740,americanexpress
3742-8346-3644-8070,americanexpress
5100-1325-4678-1872,mastercard
3746-2236-7076-1130,americanexpress
3746-2272-1905-1140,americanexpress
3467-4087-3366-4660,americanexpress
4041-5943-3960-0632,visa
3723-0135-2440-1370,americanexpress
3723-0156-3577-6850,americanexpress
5007-6644-9660-7859,mastercard
5527-4499-9600-2087,mastercard
4017-9548-5499-8000,visa
5048-3778-0894-8819,mastercard
5048-3731-9168-2578,mastercard
3723-0198-4235-5090,americanexpress
4017-9598-3324-2845,visa
3723-0106-5106-8270,americanexpress
4041-5945-7772-8000,visa
4438-9597-5744-4394,visa
5100-1376-7483-5499,mastercard
5599-1882-9547-3093,mastercard
4017-9551-4406-8000,visa
3742-8808-4028-4050,americanexpress
5100-1465-5589-1612,mastercard
5448-5878-0494-2105,mastercard
3737-9377-4477-3910,americanexpress
5007-6698-7495-7289,mastercard
5100-1310-9868-6752,mastercard
3742-8308-7513-2060,americanexpress
5100-1343-8521-8156,mastercard
5100-1403-3888-8839,mastercard
3742-8358-7872-2350,americanexpress
4041-3729-3761-8375,visa
5369-1040-4328-8582,mastercard
5100-1443-7445-7871,mastercard
4180-0847-1069-4000,visa
3742-8844-1807-2850,americanexpress
4017-9518-6666-4000,visa
3742-8374-8669-8270,americanexpress
4017-9565-7289-3291,visa
4571-2248-9146-1000,visa
4017-9513-5060-2000,visa
4017-9592-5887-5756,visa
4983-5467-4303-7694,visa
3379-4137-5652-8300,americanexpress
5007-6679-5497-7771,mastercard
3746-2225-4118-7620,americanexpress
4041-5922-9614-9000,visa
5319-5860-8971-8160,mastercard
5178-3614-9553-3466,mastercard
4017-9511-9495-0000,visa
3461-3008-1682-8490,americanexpress
3497-6651-9269-1180,americanexpress
5002-3517-9191-2870,mastercard
3458-9034-2425-8220,americanexpress
4017-9587-0603-7456,visa
5002-3519-0369-5983,mastercard
3723-0137-1032-0550,americanexpress
3446-9537-9670-9480,americanexpress
5100-1764-5303-5111,mastercard
3708-8962-3200-9100,americanexpress
5010-1228-3458-1810,mastercard
3379-4111-5035-7750,americanexpress
3379-4175-5510-0790,americanexpress
3379-4183-0341-7890,americanexpress
3742-8305-1338-3330,americanexpress
3481-9553-6520-9340,americanexpress
4017-9576-6294-0430,visa
5108-7560-0125-5535,mastercard
3742-8878-6398-7830,americanexpress
4017-9561-1576-5626,visa
3379-4129-5612-1530,americanexpress
4041-3792-1776-3000,visa
4017-9542-8205-9000,visa
4457-9938-8162-8453,visa
